{
  "Level 3 Unit 1 Lesson 1": "X80368",
  "Level 3 Unit 1 Lesson 2": "X80369",
  "Level 3 Unit 1 Lesson 3": "X80370",
  "Level 3 Unit 1 Lesson 4": "X80371",
  "Level 3 Unit 1 Lesson 5": "X80372",
  "Level 3 Unit 1 Lesson 6": "X80373",
  "Level 3 Unit 1 Lesson 7": "X80374",
  "Level 3 Unit 1 Lesson 8": "X80375",
  "Level 3 Unit 1 Lesson 9": "X80376",
  "Level 3 Unit 1 Lesson 10": "X80377",
  "Level 3 Unit 2 Lesson 1": "X80378",
  "Level 3 Unit 2 Lesson 2": "X80379",
  "Level 3 Unit 2 Lesson 3": "X80380",
  "Level 3 Unit 2 Lesson 4": "X80381",
  "Level 3 Unit 2 Lesson 5": "X80382",
  "Level 3 Unit 2 Lesson 6": "X80383",
  "Level 3 Unit 2 Lesson 7": "X80384",
  "Level 3 Unit 2 Lesson 8": "X80385",
  "Level 3 Unit 2 Lesson 9": "X80386",
  "Level 3 Unit 2 Lesson 10": "X80387",
  "Level 3 Unit 3 Lesson 1": "X80388",
  "Level 3 Unit 3 Lesson 2": "X80389",
  "Level 3 Unit 3 Lesson 3": "X80390",
  "Level 3 Unit 3 Lesson 4": "X80391",
  "Level 3 Unit 3 Lesson 5": "X80392",
  "Level 3 Unit 3 Lesson 6": "X80393",
  "Level 3 Unit 3 Lesson 7": "X80394",
  "Level 3 Unit 3 Lesson 8": "X80395",
  "Level 3 Unit 3 Lesson 9": "X80396",
  "Level 3 Unit 3 Lesson 10": "X80397",
  "Level 3 Unit 4 Lesson 1": "X80398",
  "Level 3 Unit 4 Lesson 2": "X80399",
  "Level 3 Unit 4 Lesson 3": "X80400",
  "Level 3 Unit 4 Lesson 4": "X80401",
  "Level 3 Unit 4 Lesson 5": "X80402",
  "Level 3 Unit 4 Lesson 6": "X80403",
  "Level 3 Unit 4 Lesson 7": "X80404",
  "Level 3 Unit 4 Lesson 8": "X80405",
  "Level 3 Unit 4 Lesson 9": "X80406",
  "Level 3 Unit 4 Lesson 10": "X80407",
  "Level 3 Unit 5 Lesson 1": "X80408",
  "Level 3 Unit 5 Lesson 2": "X80409",
  "Level 3 Unit 5 Lesson 3": "X80410",
  "Level 3 Unit 5 Lesson 4": "X80411",
  "Level 3 Unit 5 Lesson 5": "X80412",
  "Level 3 Unit 5 Lesson 6": "X80413",
  "Level 3 Unit 5 Lesson 7": "X80414",
  "Level 3 Unit 5 Lesson 8": "X80415",
  "Level 3 Unit 5 Lesson 9": "X80416",
  "Level 3 Unit 5 Lesson 10": "X80417",
  "Level 3 Unit 6 Lesson 1": "X80418",
  "Level 3 Unit 6 Lesson 2": "X80419",
  "Level 3 Unit 6 Lesson 3": "X80420",
  "Level 3 Unit 6 Lesson 4": "X80421",
  "Level 3 Unit 6 Lesson 5": "X80422",
  "Level 3 Unit 6 Lesson 6": "X80423",
  "Level 3 Unit 6 Lesson 7": "X80424",
  "Level 3 Unit 6 Lesson 8": "X80425",
  "Level 3 Unit 6 Lesson 9": "X80426",
  "Level 3 Unit 6 Lesson 10": "X80427",
  "Level 3 Unit 7 Lesson 1": "X80428",
  "Level 3 Unit 7 Lesson 2": "X80429",
  "Level 3 Unit 7 Lesson 3": "X80430",
  "Level 3 Unit 7 Lesson 4": "X80431",
  "Level 3 Unit 7 Lesson 5": "X80432",
  "Level 3 Unit 7 Lesson 6": "X80433",
  "Level 3 Unit 7 Lesson 7": "X80434",
  "Level 3 Unit 7 Lesson 8": "X80435",
  "Level 3 Unit 7 Lesson 9": "X80436",
  "Level 3 Unit 7 Lesson 10": "X80437",
  "Level 3 Unit 8 Lesson 1": "X80438",
  "Level 3 Unit 8 Lesson 2": "X80439",
  "Level 3 Unit 8 Lesson 3": "X80440",
  "Level 3 Unit 8 Lesson 4": "X80441",
  "Level 3 Unit 8 Lesson 5": "X80442",
  "Level 3 Unit 8 Lesson 6": "X80443",
  "Level 3 Unit 8 Lesson 7": "X80444",
  "Level 3 Unit 8 Lesson 8": "X80445",
  "Level 3 Unit 8 Lesson 9": "X80446",
  "Level 3 Unit 8 Lesson 10": "X80447",
  "Level 3 Unit 9 Lesson 1": "X80448",
  "Level 3 Unit 9 Lesson 2": "X80449",
  "Level 3 Unit 9 Lesson 3": "X80450",
  "Level 3 Unit 9 Lesson 4": "X80451",
  "Level 3 Unit 9 Lesson 5": "X80452",
  "Level 3 Unit 9 Lesson 6": "X80453",
  "Level 3 Unit 9 Lesson 7": "X80454",
  "Level 3 Unit 9 Lesson 8": "X80455",
  "Level 3 Unit 9 Lesson 9": "X80456",
  "Level 3 Unit 9 Lesson 10": "X80457",
  "Level 3 Unit 10 Lesson 1": "X80458",
  "Level 3 Unit 10 Lesson 2": "X80459",
  "Level 3 Unit 10 Lesson 3": "X80460",
  "Level 3 Unit 10 Lesson 4": "X80461",
  "Level 3 Unit 10 Lesson 5": "X80462",
  "Level 3 Unit 10 Lesson 6": "X80463",
  "Level 3 Unit 10 Lesson 7": "X80464",
  "Level 3 Unit 10 Lesson 8": "X80465",
  "Level 3 Unit 10 Lesson 9": "X80466",
  "Level 3 Unit 10 Lesson 10": "X80467",
  "Level 3 Unit 11 Lesson 1": "X80468",
  "Level 3 Unit 11 Lesson 2": "X80469",
  "Level 3 Unit 11 Lesson 3": "X80470",
  "Level 3 Unit 11 Lesson 4": "X80471",
  "Level 3 Unit 11 Lesson 5": "X80472",
  "Level 3 Unit 11 Lesson 6": "X80473",
  "Level 3 Unit 11 Lesson 7": "X80474",
  "Level 3 Unit 11 Lesson 8": "X80475",
  "Level 3 Unit 11 Lesson 9": "X80476",
  "Level 3 Unit 11 Lesson 10": "X80477",
  "Level 3 Unit 12 Lesson 1": "X80478",
  "Level 3 Unit 12 Lesson 2": "X80479",
  "Level 3 Unit 12 Lesson 3": "X80480",
  "Level 3 Unit 12 Lesson 4": "X80481",
  "Level 3 Unit 12 Lesson 5": "X80482",
  "Level 3 Unit 12 Lesson 6": "X80483",
  "Level 3 Unit 12 Lesson 7": "X80484",
  "Level 3 Unit 12 Lesson 8": "X80485",
  "Level 3 Unit 12 Lesson 9": "X80486",
  "Level 3 Unit 12 Lesson 10": "X80487",
  "Level 3 Unit 13 Lesson 1": "X80488",
  "Level 3 Unit 13 Lesson 2": "X80489",
  "Level 3 Unit 13 Lesson 3": "X80490",
  "Level 3 Unit 13 Lesson 4": "X80491",
  "Level 3 Unit 13 Lesson 5": "X80492",
  "Level 3 Unit 13 Lesson 6": "X80493",
  "Level 3 Unit 13 Lesson 7": "X80494",
  "Level 3 Unit 13 Lesson 8": "X80495",
  "Level 3 Unit 13 Lesson 9": "X80496",
  "Level 3 Unit 13 Lesson 10": "X80497",
  "Level 3 Unit 14 Lesson 1": "X80498",
  "Level 3 Unit 14 Lesson 2": "X80499",
  "Level 3 Unit 14 Lesson 3": "X80500",
  "Level 3 Unit 14 Lesson 4": "X80501",
  "Level 3 Unit 14 Lesson 5": "X80502",
  "Level 3 Unit 14 Lesson 6": "X80503",
  "Level 3 Unit 14 Lesson 7": "X80504",
  "Level 3 Unit 14 Lesson 8": "X80505",
  "Level 3 Unit 14 Lesson 9": "X80506",
  "Level 3 Unit 14 Lesson 10": "X80507",
  "Level 3 Unit 15 Lesson 1": "X80508",
  "Level 3 Unit 15 Lesson 2": "X80509",
  "Level 3 Unit 15 Lesson 3": "X80510",
  "Level 3 Unit 15 Lesson 4": "X80511",
  "Level 3 Unit 15 Lesson 5": "X80512",
  "Level 3 Unit 15 Lesson 6": "X80513",
  "Level 3 Unit 15 Lesson 7": "X80514",
  "Level 3 Unit 15 Lesson 8": "X80515",
  "Level 3 Unit 15 Lesson 9": "X80516",
  "Level 3 Unit 15 Lesson 10": "X80517",
  "Level 3 Unit 16 Lesson 1": "X80518",
  "Level 3 Unit 16 Lesson 2": "X80519",
  "Level 3 Unit 16 Lesson 3": "X80520",
  "Level 3 Unit 16 Lesson 4": "X80521",
  "Level 3 Unit 16 Lesson 5": "X80522",
  "Level 3 Unit 16 Lesson 6": "X80523",
  "Level 3 Unit 16 Lesson 7": "X80524",
  "Level 3 Unit 16 Lesson 8": "X80525",
  "Level 3 Unit 16 Lesson 9": "X80526",
  "Level 3 Unit 16 Lesson 10": "X80527",
  "Level 3 Unit 17 Lesson 1": "X80528",
  "Level 3 Unit 17 Lesson 2": "X80529",
  "Level 3 Unit 17 Lesson 3": "X80530",
  "Level 3 Unit 17 Lesson 4": "X80531",
  "Level 3 Unit 17 Lesson 5": "X80532",
  "Level 3 Unit 17 Lesson 6": "X80533",
  "Level 3 Unit 17 Lesson 7": "X80534",
  "Level 3 Unit 17 Lesson 8": "X80535",
  "Level 3 Unit 17 Lesson 9": "X80536",
  "Level 3 Unit 17 Lesson 10": "X80537",
  "Level 3 Unit 18 Lesson 1": "X80538",
  "Level 3 Unit 18 Lesson 2": "X80539",
  "Level 3 Unit 18 Lesson 3": "X80540",
  "Level 3 Unit 18 Lesson 4": "X80541",
  "Level 3 Unit 18 Lesson 5": "X80542",
  "Level 3 Unit 18 Lesson 6": "X80543",
  "Level 3 Unit 18 Lesson 7": "X80544",
  "Level 3 Unit 18 Lesson 8": "X80545",
  "Level 3 Unit 18 Lesson 9": "X80546",
  "Level 3 Unit 18 Lesson 10": "X80547",
  "Level 3 Unit 19 Lesson 1": "X80548",
  "Level 3 Unit 19 Lesson 2": "X80549",
  "Level 3 Unit 19 Lesson 3": "X80550",
  "Level 3 Unit 19 Lesson 4": "X80551",
  "Level 3 Unit 19 Lesson 5": "X80552",
  "Level 3 Unit 19 Lesson 6": "X80553",
  "Level 3 Unit 19 Lesson 7": "X80554",
  "Level 3 Unit 19 Lesson 8": "X80555",
  "Level 3 Unit 19 Lesson 9": "X80556",
  "Level 3 Unit 19 Lesson 10": "X80557",
  "Level 3 Unit 20 Lesson 1": "X80558",
  "Level 3 Unit 20 Lesson 2": "X80559",
  "Level 3 Unit 20 Lesson 3": "X80560",
  "Level 3 Unit 20 Lesson 4": "X80561",
  "Level 3 Unit 20 Lesson 5": "X80562",
  "Level 3 Unit 20 Lesson 6": "X80563",
  "Level 3 Unit 20 Lesson 7": "X80564",
  "Level 3 Unit 20 Lesson 8": "X80565",
  "Level 3 Unit 20 Lesson 9": "X80566",
  "Level 3 Unit 20 Lesson 10": "X80567",
  "Level 3 Unit 21 Lesson 1": "X80568",
  "Level 3 Unit 21 Lesson 2": "X80569",
  "Level 3 Unit 21 Lesson 3": "X80570",
  "Level 3 Unit 21 Lesson 4": "X80571",
  "Level 3 Unit 21 Lesson 5": "X80572",
  "Level 3 Unit 21 Lesson 6": "X80573",
  "Level 3 Unit 21 Lesson 7": "X80574",
  "Level 3 Unit 21 Lesson 8": "X80575",
  "Level 3 Unit 21 Lesson 9": "X80576",
  "Level 3 Unit 21 Lesson 10": "X80577",
  "Level 3 Unit 22 Lesson 1": "X80578",
  "Level 3 Unit 22 Lesson 2": "X80579",
  "Level 3 Unit 22 Lesson 3": "X80580",
  "Level 3 Unit 22 Lesson 4": "X80581",
  "Level 3 Unit 22 Lesson 5": "X80582",
  "Level 3 Unit 22 Lesson 6": "X80583",
  "Level 3 Unit 22 Lesson 7": "X80584",
  "Level 3 Unit 22 Lesson 8": "X80585",
  "Level 3 Unit 22 Lesson 9": "X80586",
  "Level 3 Unit 22 Lesson 10": "X80587",
  "Level 3 Unit 23 Lesson 1": "X80588",
  "Level 3 Unit 23 Lesson 2": "X80589",
  "Level 3 Unit 23 Lesson 3": "X80590",
  "Level 3 Unit 23 Lesson 4": "X80591",
  "Level 3 Unit 23 Lesson 5": "X80592",
  "Level 3 Unit 23 Lesson 6": "X80593",
  "Level 3 Unit 23 Lesson 7": "X80594",
  "Level 3 Unit 23 Lesson 8": "X80595",
  "Level 3 Unit 23 Lesson 9": "X80596",
  "Level 3 Unit 23 Lesson 10": "X80597",
  "Level 3 Unit 24 Lesson 1": "X80598",
  "Level 3 Unit 24 Lesson 2": "X80599",
  "Level 3 Unit 24 Lesson 3": "X80600",
  "Level 3 Unit 24 Lesson 4": "X80601",
  "Level 3 Unit 24 Lesson 5": "X80602",
  "Level 3 Unit 24 Lesson 6": "X80603",
  "Level 3 Unit 24 Lesson 7": "X80604",
  "Level 3 Unit 24 Lesson 8": "X80605",
  "Level 3 Unit 24 Lesson 9": "X80606",
  "Level 3 Unit 24 Lesson 10": "X80607",
  "Level 3 Unit 25 Lesson 1": "X80608",
  "Level 3 Unit 25 Lesson 2": "X80609",
  "Level 3 Unit 25 Lesson 3": "X80610",
  "Level 3 Unit 25 Lesson 4": "X80611",
  "Level 3 Unit 25 Lesson 5": "X80612",
  "Level 3 Unit 25 Lesson 6": "X80613",
  "Level 3 Unit 25 Lesson 7": "X80614",
  "Level 3 Unit 25 Lesson 8": "X80615",
  "Level 3 Unit 25 Lesson 9": "X80616",
  "Level 3 Unit 25 Lesson 10": "X80617",
  "Level 3 Unit 26 Lesson 1": "X80618",
  "Level 3 Unit 26 Lesson 2": "X80619",
  "Level 3 Unit 26 Lesson 3": "X80620",
  "Level 3 Unit 26 Lesson 4": "X80621",
  "Level 3 Unit 26 Lesson 5": "X80622",
  "Level 3 Unit 26 Lesson 6": "X80623",
  "Level 3 Unit 26 Lesson 7": "X80624",
  "Level 3 Unit 26 Lesson 8": "X80625",
  "Level 3 Unit 26 Lesson 9": "X80626",
  "Level 3 Unit 26 Lesson 10": "X80627",
  "Level 3 Unit 27 Lesson 1": "X80628",
  "Level 3 Unit 27 Lesson 2": "X80629",
  "Level 3 Unit 27 Lesson 3": "X80630",
  "Level 3 Unit 27 Lesson 4": "X80631",
  "Level 3 Unit 27 Lesson 5": "X80632",
  "Level 3 Unit 27 Lesson 6": "X80633",
  "Level 3 Unit 27 Lesson 7": "X80634",
  "Level 3 Unit 27 Lesson 8": "X80635",
  "Level 3 Unit 27 Lesson 9": "X80636",
  "Level 3 Unit 27 Lesson 10": "X80637",
  "Level 3 Unit 28 Lesson 1": "X80638",
  "Level 3 Unit 28 Lesson 2": "X80639",
  "Level 3 Unit 28 Lesson 3": "X80640",
  "Level 3 Unit 28 Lesson 4": "X80641",
  "Level 3 Unit 28 Lesson 5": "X80642",
  "Level 3 Unit 28 Lesson 6": "X80643",
  "Level 3 Unit 28 Lesson 7": "X80644",
  "Level 3 Unit 28 Lesson 8": "X81728",
  "Level 3 Unit 28 Lesson 9": "X80645",
  "Level 3 Unit 28 Lesson 10": "X80646",
  "Level 3 Unit 29 Lesson 1": "X80647",
  "Level 3 Unit 29 Lesson 2": "X80648",
  "Level 3 Unit 29 Lesson 3": "X80649",
  "Level 3 Unit 29 Lesson 4": "X80650",
  "Level 3 Unit 29 Lesson 5": "X80651",
  "Level 3 Unit 29 Lesson 6": "X80652",
  "Level 3 Unit 29 Lesson 7": "X80653",
  "Level 3 Unit 29 Lesson 8": "X80654",
  "Level 3 Unit 29 Lesson 9": "X80655",
  "Level 3 Unit 29 Lesson 10": "X80656",
  "Level 3 Unit 30 Lesson 1": "X80657",
  "Level 3 Unit 30 Lesson 2": "X80658",
  "Level 3 Unit 30 Lesson 3": "X80659",
  "Level 3 Unit 30 Lesson 4": "X80660",
  "Level 3 Unit 30 Lesson 5": "X80661",
  "Level 3 Unit 30 Lesson 6": "X80662",
  "Level 3 Unit 30 Lesson 7": "X80663",
  "Level 3 Unit 30 Lesson 8": "X80664",
  "Level 3 Unit 30 Lesson 9": "X80665",
  "Level 3 Unit 30 Lesson 10": "X80666",
  "Level 4 Unit 1 Lesson 1": "X80667",
  "Level 4 Unit 1 Lesson 2": "X80668",
  "Level 4 Unit 1 Lesson 3": "X80669",
  "Level 4 Unit 1 Lesson 4": "X80670",
  "Level 4 Unit 1 Lesson 5": "X80671",
  "Level 4 Unit 1 Lesson 6": "X80672",
  "Level 4 Unit 1 Lesson 7": "X80673",
  "Level 4 Unit 1 Lesson 8": "X80674",
  "Level 4 Unit 1 Lesson 9": "X80675",
  "Level 4 Unit 1 Lesson 10": "X80676",
  "Level 4 Unit 2 Lesson 1": "X80677",
  "Level 4 Unit 2 Lesson 2": "X80678",
  "Level 4 Unit 2 Lesson 3": "X80679",
  "Level 4 Unit 2 Lesson 4": "X80680",
  "Level 4 Unit 2 Lesson 5": "X80681",
  "Level 4 Unit 2 Lesson 6": "X80682",
  "Level 4 Unit 2 Lesson 7": "X80683",
  "Level 4 Unit 2 Lesson 8": "X80684",
  "Level 4 Unit 2 Lesson 9": "X80685",
  "Level 4 Unit 2 Lesson 10": "X80686",
  "Level 4 Unit 3 Lesson 1": "X80687",
  "Level 4 Unit 3 Lesson 2": "X80688",
  "Level 4 Unit 3 Lesson 3": "X80689",
  "Level 4 Unit 3 Lesson 4": "X80690",
  "Level 4 Unit 3 Lesson 5": "X80691",
  "Level 4 Unit 3 Lesson 6": "X80692",
  "Level 4 Unit 3 Lesson 7": "X80693",
  "Level 4 Unit 3 Lesson 8": "X80694",
  "Level 4 Unit 3 Lesson 9": "X80695",
  "Level 4 Unit 3 Lesson 10": "X80696",
  "Level 4 Unit 4 Lesson 1": "X80697",
  "Level 4 Unit 4 Lesson 2": "X80698",
  "Level 4 Unit 4 Lesson 3": "X80699",
  "Level 4 Unit 4 Lesson 4": "X80700",
  "Level 4 Unit 4 Lesson 5": "X80701",
  "Level 4 Unit 4 Lesson 6": "X80702",
  "Level 4 Unit 4 Lesson 7": "X80703",
  "Level 4 Unit 4 Lesson 8": "X80704",
  "Level 4 Unit 4 Lesson 9": "X80705",
  "Level 4 Unit 4 Lesson 10": "X80706",
  "Level 4 Unit 5 Lesson 1": "X80707",
  "Level 4 Unit 5 Lesson 2": "X80708",
  "Level 4 Unit 5 Lesson 3": "X80709",
  "Level 4 Unit 5 Lesson 4": "X80710",
  "Level 4 Unit 5 Lesson 5": "X80711",
  "Level 4 Unit 5 Lesson 6": "X80712",
  "Level 4 Unit 5 Lesson 7": "X80713",
  "Level 4 Unit 5 Lesson 8": "X80714",
  "Level 4 Unit 5 Lesson 9": "X80715",
  "Level 4 Unit 5 Lesson 10": "X80716",
  "Level 4 Unit 6 Lesson 1": "X80717",
  "Level 4 Unit 6 Lesson 2": "X80718",
  "Level 4 Unit 6 Lesson 3": "X80719",
  "Level 4 Unit 6 Lesson 4": "X80720",
  "Level 4 Unit 6 Lesson 5": "X80721",
  "Level 4 Unit 6 Lesson 6": "X80722",
  "Level 4 Unit 6 Lesson 7": "X80723",
  "Level 4 Unit 6 Lesson 8": "X80724",
  "Level 4 Unit 6 Lesson 9": "X80725",
  "Level 4 Unit 6 Lesson 10": "X80726",
  "Level 4 Unit 7 Lesson 1": "X80727",
  "Level 4 Unit 7 Lesson 2": "X80728",
  "Level 4 Unit 7 Lesson 3": "X80729",
  "Level 4 Unit 7 Lesson 4": "X80730",
  "Level 4 Unit 7 Lesson 5": "X80731",
  "Level 4 Unit 7 Lesson 6": "X80732",
  "Level 4 Unit 7 Lesson 7": "X80733",
  "Level 4 Unit 7 Lesson 8": "X80734",
  "Level 4 Unit 7 Lesson 9": "X80735",
  "Level 4 Unit 7 Lesson 10": "X80736",
  "Level 4 Unit 8 Lesson 1": "X80737",
  "Level 4 Unit 8 Lesson 2": "X80738",
  "Level 4 Unit 8 Lesson 3": "X80739",
  "Level 4 Unit 8 Lesson 4": "X80740",
  "Level 4 Unit 8 Lesson 5": "X80741",
  "Level 4 Unit 8 Lesson 6": "X80742",
  "Level 4 Unit 8 Lesson 7": "X80743",
  "Level 4 Unit 8 Lesson 8": "X80744",
  "Level 4 Unit 8 Lesson 9": "X80745",
  "Level 4 Unit 8 Lesson 10": "X80746",
  "Level 4 Unit 9 Lesson 1": "X80747",
  "Level 4 Unit 9 Lesson 2": "X80748",
  "Level 4 Unit 9 Lesson 3": "X80749",
  "Level 4 Unit 9 Lesson 4": "X80750",
  "Level 4 Unit 9 Lesson 5": "X80751",
  "Level 4 Unit 9 Lesson 6": "X80752",
  "Level 4 Unit 9 Lesson 7": "X80753",
  "Level 4 Unit 9 Lesson 8": "X80754",
  "Level 4 Unit 9 Lesson 9": "X80755",
  "Level 4 Unit 9 Lesson 10": "X80756",
  "Level 4 Unit 10 Lesson 1": "X80757",
  "Level 4 Unit 10 Lesson 2": "X80758",
  "Level 4 Unit 10 Lesson 3": "X80759",
  "Level 4 Unit 10 Lesson 4": "X80760",
  "Level 4 Unit 10 Lesson 5": "X80761",
  "Level 4 Unit 10 Lesson 6": "X80762",
  "Level 4 Unit 10 Lesson 7": "X80763",
  "Level 4 Unit 10 Lesson 8": "X80764",
  "Level 4 Unit 10 Lesson 9": "X80765",
  "Level 4 Unit 10 Lesson 10": "X80766",
  "Level 4 Unit 11 Lesson 1": "X80767",
  "Level 4 Unit 11 Lesson 2": "X80768",
  "Level 4 Unit 11 Lesson 3": "X80769",
  "Level 4 Unit 11 Lesson 4": "X80770",
  "Level 4 Unit 11 Lesson 5": "X80771",
  "Level 4 Unit 11 Lesson 6": "X80772",
  "Level 4 Unit 11 Lesson 7": "X80773",
  "Level 4 Unit 11 Lesson 8": "X80774",
  "Level 4 Unit 11 Lesson 9": "X80775",
  "Level 4 Unit 11 Lesson 10": "X80776",
  "Level 4 Unit 12 Lesson 1": "X80777",
  "Level 4 Unit 12 Lesson 2": "X80778",
  "Level 4 Unit 12 Lesson 3": "X80779",
  "Level 4 Unit 12 Lesson 4": "X80780",
  "Level 4 Unit 12 Lesson 5": "X80781",
  "Level 4 Unit 12 Lesson 6": "X80782",
  "Level 4 Unit 12 Lesson 7": "X80783",
  "Level 4 Unit 12 Lesson 8": "X80784",
  "Level 4 Unit 12 Lesson 9": "X80785",
  "Level 4 Unit 12 Lesson 10": "X80786",
  "Level 4 Unit 13 Lesson 1": "X80787",
  "Level 4 Unit 13 Lesson 2": "X80788",
  "Level 4 Unit 13 Lesson 3": "X80789",
  "Level 4 Unit 13 Lesson 4": "X80790",
  "Level 4 Unit 13 Lesson 5": "X80791",
  "Level 4 Unit 13 Lesson 6": "X80792",
  "Level 4 Unit 13 Lesson 7": "X80793",
  "Level 4 Unit 13 Lesson 8": "X80794",
  "Level 4 Unit 13 Lesson 9": "X80795",
  "Level 4 Unit 13 Lesson 10": "X80796",
  "Level 4 Unit 14 Lesson 1": "X80797",
  "Level 4 Unit 14 Lesson 2": "X80798",
  "Level 4 Unit 14 Lesson 3": "X80799",
  "Level 4 Unit 14 Lesson 4": "X80800",
  "Level 4 Unit 14 Lesson 5": "X80801",
  "Level 4 Unit 14 Lesson 6": "X80802",
  "Level 4 Unit 14 Lesson 7": "X80803",
  "Level 4 Unit 14 Lesson 8": "X80804",
  "Level 4 Unit 14 Lesson 9": "X80805",
  "Level 4 Unit 14 Lesson 10": "X80806",
  "Level 4 Unit 15 Lesson 1": "X80807",
  "Level 4 Unit 15 Lesson 2": "X80808",
  "Level 4 Unit 15 Lesson 3": "X80809",
  "Level 4 Unit 15 Lesson 4": "X80810",
  "Level 4 Unit 15 Lesson 5": "X80811",
  "Level 4 Unit 15 Lesson 6": "X80812",
  "Level 4 Unit 15 Lesson 7": "X80813",
  "Level 4 Unit 15 Lesson 8": "X80814",
  "Level 4 Unit 15 Lesson 9": "X80815",
  "Level 4 Unit 15 Lesson 10": "X80816",
  "Level 4 Unit 16 Lesson 1": "X80817",
  "Level 4 Unit 16 Lesson 2": "X80818",
  "Level 4 Unit 16 Lesson 3": "X80819",
  "Level 4 Unit 16 Lesson 4": "X80820",
  "Level 4 Unit 16 Lesson 5": "X80821",
  "Level 4 Unit 16 Lesson 6": "X80822",
  "Level 4 Unit 16 Lesson 7": "X80823",
  "Level 4 Unit 16 Lesson 8": "X80824",
  "Level 4 Unit 16 Lesson 9": "X80825",
  "Level 4 Unit 16 Lesson 10": "X80826",
  "Level 4 Unit 17 Lesson 1": "X80827",
  "Level 4 Unit 17 Lesson 2": "X80828",
  "Level 4 Unit 17 Lesson 3": "X80829",
  "Level 4 Unit 17 Lesson 4": "X80830",
  "Level 4 Unit 17 Lesson 5": "X80831",
  "Level 4 Unit 17 Lesson 6": "X80832",
  "Level 4 Unit 17 Lesson 7": "X80833",
  "Level 4 Unit 17 Lesson 8": "X80834",
  "Level 4 Unit 17 Lesson 9": "X80835",
  "Level 4 Unit 17 Lesson 10": "X80836",
  "Level 4 Unit 18 Lesson 1": "X80837",
  "Level 4 Unit 18 Lesson 2": "X80838",
  "Level 4 Unit 18 Lesson 3": "X80839",
  "Level 4 Unit 18 Lesson 4": "X80840",
  "Level 4 Unit 18 Lesson 5": "X80841",
  "Level 4 Unit 18 Lesson 6": "X80842",
  "Level 4 Unit 18 Lesson 7": "X80843",
  "Level 4 Unit 18 Lesson 8": "X80844",
  "Level 4 Unit 18 Lesson 9": "X80845",
  "Level 4 Unit 18 Lesson 10": "X80846",
  "Level 4 Unit 19 Lesson 1": "X80847",
  "Level 4 Unit 19 Lesson 2": "X80848",
  "Level 4 Unit 19 Lesson 3": "X80849",
  "Level 4 Unit 19 Lesson 4": "X80850",
  "Level 4 Unit 19 Lesson 5": "X80851",
  "Level 4 Unit 19 Lesson 6": "X80852",
  "Level 4 Unit 19 Lesson 7": "X80853",
  "Level 4 Unit 19 Lesson 8": "X80854",
  "Level 4 Unit 19 Lesson 9": "X80855",
  "Level 4 Unit 19 Lesson 10": "X80856",
  "Level 4 Unit 20 Lesson 1": "X80857",
  "Level 4 Unit 20 Lesson 2": "X80858",
  "Level 4 Unit 20 Lesson 3": "X80859",
  "Level 4 Unit 20 Lesson 4": "X80860",
  "Level 4 Unit 20 Lesson 5": "X80861",
  "Level 4 Unit 20 Lesson 6": "X80862",
  "Level 4 Unit 20 Lesson 7": "X80863",
  "Level 4 Unit 20 Lesson 8": "X80864",
  "Level 4 Unit 20 Lesson 9": "X80865",
  "Level 4 Unit 20 Lesson 10": "X80866",
  "Level 4 Unit 21 Lesson 1": "X80867",
  "Level 4 Unit 21 Lesson 2": "X80868",
  "Level 4 Unit 21 Lesson 3": "X80869",
  "Level 4 Unit 21 Lesson 4": "X80870",
  "Level 4 Unit 21 Lesson 5": "X80871",
  "Level 4 Unit 21 Lesson 6": "X80872",
  "Level 4 Unit 21 Lesson 7": "X80873",
  "Level 4 Unit 21 Lesson 8": "X80874",
  "Level 4 Unit 21 Lesson 9": "X80875",
  "Level 4 Unit 21 Lesson 10": "X80876",
  "Level 4 Unit 22 Lesson 1": "X80877",
  "Level 4 Unit 22 Lesson 2": "X80878",
  "Level 4 Unit 22 Lesson 3": "X80879",
  "Level 4 Unit 22 Lesson 4": "X80880",
  "Level 4 Unit 22 Lesson 5": "X80881",
  "Level 4 Unit 22 Lesson 6": "X80882",
  "Level 4 Unit 22 Lesson 7": "X80883",
  "Level 4 Unit 22 Lesson 8": "X80884",
  "Level 4 Unit 22 Lesson 9": "X80885",
  "Level 4 Unit 22 Lesson 10": "X80886",
  "Level 4 Unit 23 Lesson 1": "X80887",
  "Level 4 Unit 23 Lesson 2": "X80888",
  "Level 4 Unit 23 Lesson 3": "X80889",
  "Level 4 Unit 23 Lesson 4": "X80890",
  "Level 4 Unit 23 Lesson 5": "X80891",
  "Level 4 Unit 23 Lesson 6": "X80892",
  "Level 4 Unit 23 Lesson 7": "X80893",
  "Level 4 Unit 23 Lesson 8": "X80894",
  "Level 4 Unit 23 Lesson 9": "X80895",
  "Level 4 Unit 23 Lesson 10": "X80896",
  "Level 4 Unit 24 Lesson 1": "X80897",
  "Level 4 Unit 24 Lesson 2": "X80898",
  "Level 4 Unit 24 Lesson 3": "X80899",
  "Level 4 Unit 24 Lesson 4": "X80900",
  "Level 4 Unit 24 Lesson 5": "X80901",
  "Level 4 Unit 24 Lesson 6": "X80902",
  "Level 4 Unit 24 Lesson 7": "X80903",
  "Level 4 Unit 24 Lesson 8": "X80904",
  "Level 4 Unit 24 Lesson 9": "X80905",
  "Level 4 Unit 24 Lesson 10": "X80906",
  "Level 4 Unit 25 Lesson 1": "X80907",
  "Level 4 Unit 25 Lesson 2": "X80908",
  "Level 4 Unit 25 Lesson 3": "X80909",
  "Level 4 Unit 25 Lesson 4": "X80910",
  "Level 4 Unit 25 Lesson 5": "X80911",
  "Level 4 Unit 25 Lesson 6": "X80912",
  "Level 4 Unit 25 Lesson 7": "X80913",
  "Level 4 Unit 25 Lesson 8": "X80914",
  "Level 4 Unit 25 Lesson 9": "X80915",
  "Level 4 Unit 25 Lesson 10": "X80916",
  "Level 4 Unit 26 Lesson 1": "X80917",
  "Level 4 Unit 26 Lesson 2": "X80918",
  "Level 4 Unit 26 Lesson 3": "X80919",
  "Level 4 Unit 26 Lesson 4": "X80920",
  "Level 4 Unit 26 Lesson 5": "X80921",
  "Level 4 Unit 26 Lesson 6": "X80922",
  "Level 4 Unit 26 Lesson 7": "X80923",
  "Level 4 Unit 26 Lesson 8": "X80924",
  "Level 4 Unit 26 Lesson 9": "X80925",
  "Level 4 Unit 26 Lesson 10": "X80926",
  "Level 4 Unit 27 Lesson 1": "X80927",
  "Level 4 Unit 27 Lesson 2": "X80928",
  "Level 4 Unit 27 Lesson 3": "X80929",
  "Level 4 Unit 27 Lesson 4": "X80930",
  "Level 4 Unit 27 Lesson 5": "X80931",
  "Level 4 Unit 27 Lesson 6": "X80932",
  "Level 4 Unit 27 Lesson 7": "X80933",
  "Level 4 Unit 27 Lesson 8": "X80934",
  "Level 4 Unit 27 Lesson 9": "X80935",
  "Level 4 Unit 27 Lesson 10": "X80936",
  "Level 4 Unit 28 Lesson 1": "X80937",
  "Level 4 Unit 28 Lesson 2": "X80938",
  "Level 4 Unit 28 Lesson 3": "X80939",
  "Level 4 Unit 28 Lesson 4": "X80940",
  "Level 4 Unit 28 Lesson 5": "X80941",
  "Level 4 Unit 28 Lesson 6": "X80942",
  "Level 4 Unit 28 Lesson 7": "X80943",
  "Level 4 Unit 28 Lesson 8": "X80944",
  "Level 4 Unit 28 Lesson 9": "X80945",
  "Level 4 Unit 28 Lesson 10": "X80946",
  "Level 4 Unit 29 Lesson 1": "X80947",
  "Level 4 Unit 29 Lesson 2": "X80948",
  "Level 4 Unit 29 Lesson 3": "X80949",
  "Level 4 Unit 29 Lesson 4": "X80950",
  "Level 4 Unit 29 Lesson 5": "X80951",
  "Level 4 Unit 29 Lesson 6": "X80952",
  "Level 4 Unit 29 Lesson 7": "X80953",
  "Level 4 Unit 29 Lesson 8": "X80954",
  "Level 4 Unit 29 Lesson 9": "X80955",
  "Level 4 Unit 29 Lesson 10": "X80956",
  "Level 4 Unit 30 Lesson 1": "X80957",
  "Level 4 Unit 30 Lesson 2": "X80958",
  "Level 4 Unit 30 Lesson 3": "X80959",
  "Level 4 Unit 30 Lesson 4": "X80960",
  "Level 4 Unit 30 Lesson 5": "X80961",
  "Level 4 Unit 30 Lesson 6": "X80962",
  "Level 4 Unit 30 Lesson 7": "X80963",
  "Level 4 Unit 30 Lesson 8": "X80964",
  "Level 4 Unit 30 Lesson 9": "X80965",
  "Level 4 Unit 30 Lesson 10": "X80966"
}
