[
  {
    "sheet_name": "Lvl_3_Unt_1_Lsn_2",
    "path": "[1] > sheet > slides > [6] > audio > [0] > notes",
    "words": ["come", "a", "can", "and", "are"]
  },
  {
    "sheet_name": "Lvl_3_Unt_1_Lsn_3",
    "path": "[2] > sheet > slides > [8] > audio > [0] > notes",
    "notes": "<visual: show the epocket with letter cards to build the words>"
  },
  {
    "sheet_name": "Lvl_3_Unt_1_Lsn_4",
    "path": "[3] > sheet > slides > [8] > audio > [0] > notes",
    "words": ["has", "for", "big", "go", "has", "I"]
  },
  {
    "sheet_name": "Lvl_3_Unt_1_Lsn_6",
    "path": "[5] > sheet > slides > [6] > audio > [0] > notes",
    "words": ["a", "come", "can", "and", "are", "for", "big", "go", "has", "I"]
  },
  {
    "sheet_name": "Lvl_3_Unt_2_Lsn_2",
    "path": "[11] > sheet > slides > [8] > audio > [0] > notes",
    "words": ["one", "have", "is", "jump", "my"]
  },
  {
    "sheet_name": "Lvl_3_Unt_2_Lsn_3",
    "path": "[12] > sheet > slides > [9] > audio > [0] > notes",
    "notes": "<visual: Show the epocket chart and letter cards for words>"
  },
  {
    "sheet_name": "Lvl_3_Unt_2_Lsn_4",
    "path": "[13] > sheet > slides > [9] > audio > [0] > notes",
    "words": ["want", "put", "the", "what", "you"]
  },
  {
    "sheet_name": "Lvl_3_Unt_2_Lsn_5",
    "path": "[14] > sheet > slides > [4] > audio > [0] > notes",
    "notes": "<visual: Show the pocket chart with words and word, \"little\">"
  },
  {
    "sheet_name": "Lvl_3_Unt_2_Lsn_8",
    "path": "[17] > sheet > slides > [9] > audio > [0] > notes",
    "notes": "<visual: show epocket with the letters>"
  },
  {
    "sheet_name": "Lvl_3_Unt_3_Lsn_2",
    "path": "[21] > sheet > slides > [5] > audio > [0] > notes",
    "words": ["of", "he", "like", "little", "no"]
  },
  {
    "sheet_name": "Lvl_3_Unt_3_Lsn_4",
    "path": "[23] > sheet > slides > [9] > audio > [0] > notes",
    "words": ["want", "put", "the", "what", "you"]
  },
  {
    "sheet_name": "Lvl_3_Unt_3_Lsn_5",
    "path": "[24] > sheet > slides > [10] > audio > [0] > notes",
    "words": ["rain", "train", "pain", "paint", "say", "day", "stay", "play"]
  },
  {
    "sheet_name": "Lvl_3_Unt_3_Lsn_6",
    "path": "[25] > sheet > slides > [5] > audio > [0] > notes",
    "words": [
      "he",
      "like",
      "little",
      "no",
      "of",
      "saw",
      "this",
      "to",
      "we",
      "with"
    ]
  },
  {
    "sheet_name": "Lvl_3_Unt_3_Lsn_6",
    "path": "[25] > sheet > slides > [6] > audio > [0] > notes",
    "notes": "<visual: show the letter cards in the e-pocket chart to build the words>"
  },
  {
    "sheet_name": "Lvl_3_Unt_3_Lsn_7",
    "path": "[26] > sheet > slides > [6] > audio > [0] > notes",
    "words": [
      "with",
      "he",
      "like",
      "little",
      "no",
      "of",
      "saw",
      "this",
      "to",
      "we"
    ]
  },
  {
    "sheet_name": "Lvl_3_Unt_3_Lsn_7",
    "path": "[26] > sheet > slides > [9] > audio > [0] > notes",
    "notes": "<visual: epocket tray with letter cards>"
  },
  {
    "sheet_name": "Lvl_3_Unt_3_Lsn_8",
    "path": "[27] > sheet > slides > [8] > audio > [0] > notes",
    "notes": "<visual: show the letters to build the words in the e-pocket chart>"
  },
  {
    "sheet_name": "Lvl_3_Unt_3_Lsn_8",
    "path": "[27] > sheet > slides > [9] > audio > [0] > notes",
    "notes": "<visual: show the letters to build the words in the e-pocket chart>"
  },
  {
    "sheet_name": "Lvl_3_Unt_4_Lsn_2",
    "path": "[31] > sheet > slides > [4] > audio > [0] > notes",
    "words": ["said", "here", "look", "me", "play"]
  },
  {
    "sheet_name": "Lvl_3_Unt_4_Lsn_4",
    "path": "[33] > sheet > slides > [7] > audio > [0] > notes",
    "words": ["see", "she", "try", "about", "because"]
  },
  {
    "sheet_name": "Lvl_3_Unt_4_Lsn_6",
    "path": "[35] > sheet > slides > [5] > audio > [0] > notes",
    "words": [
      "here",
      "look",
      "me",
      "play",
      "said",
      "see",
      "she",
      "try",
      "about",
      "because"
    ]
  },
  {
    "sheet_name": "Lvl_3_Unt_4_Lsn_7",
    "path": "[36] > sheet > slides > [6] > audio > [0] > notes",
    "words": [
      "look",
      "here",
      "me",
      "play",
      "said",
      "see",
      "she",
      "try",
      "about",
      "because"
    ]
  },
  {
    "sheet_name": "Lvl_3_Unt_5_Lsn_2",
    "path": "[41] > sheet > slides > [5] > audio > [0] > notes",
    "words": ["do", "after", "before", "call", "earth"]
  },
  {
    "sheet_name": "Lvl_3_Unt_5_Lsn_4",
    "path": "[43] > sheet > slides > [11] > audio > [0] > notes",
    "words": ["give", "father", "her", "know", "large"]
  },
  {
    "sheet_name": "Lvl_3_Unt_5_Lsn_6",
    "path": "[45] > sheet > slides > [5] > audio > [0] > notes",
    "words": [
      "after",
      "before",
      "call",
      "do",
      "earth",
      "father",
      "give",
      "her",
      "know",
      "large"
    ]
  },
  {
    "sheet_name": "Lvl_3_Unt_5_Lsn_7",
    "path": "[46] > sheet > slides > [6] > audio > [0] > notes",
    "words": [
      "before",
      "after",
      "call",
      "do",
      "earth",
      "father",
      "give",
      "her",
      "know",
      "large"
    ]
  },
  {
    "sheet_name": "Lvl_3_Unt_5_Lsn_8",
    "path": "[47] > sheet > slides > [12] > audio > [0] > notes",
    "notes": "<visual: show e-pocket chart here so the teacher can model this, show letters a c h t e>",
    "words": ["a", "c", "h", "t", "e"]
  },
  {
    "sheet_name": "Lvl_3_Unt_6_Lsn_2",
    "path": "[51] > sheet > slides > [5] > audio > [0] > notes",
    "words": ["good", "many", "near", "off", "people"]
  },
  {
    "sheet_name": "Lvl_3_Unt_6_Lsn_4",
    "path": "[53] > sheet > slides > [12] > audio > [0] > notes",
    "words": ["very", "right", "that", "two", "under"]
  },
  {
    "sheet_name": "Lvl_3_Unt_6_Lsn_6",
    "path": "[55] > sheet > slides > [5] > audio > [0] > notes",
    "words": [
      "good",
      "many",
      "near",
      "off",
      "people",
      "right",
      "that",
      "two",
      "under",
      "very"
    ]
  },
  {
    "sheet_name": "Lvl_3_Unt_6_Lsn_7",
    "path": "[56] > sheet > slides > [6] > audio > [0] > notes",
    "words": [
      "many",
      "good",
      "near",
      "off",
      "people",
      "right",
      "that",
      "two",
      "under",
      "very"
    ]
  },
  {
    "sheet_name": "Lvl_3_Unt_6_Lsn_8",
    "path": "[57] > sheet > slides > [12] > audio > [0] > notes",
    "notes": "<visual: Show the e-pocket chart and letter cards so the teacher can model this.>"
  },
  {
    "sheet_name": "Lvl_3_Unt_7_Lsn_2",
    "path": "[61] > sheet > slides > [5] > audio > [0] > notes",
    "words": ["does", "again", "below", "carry", "eight"]
  },
  {
    "sheet_name": "Lvl_3_Unt_7_Lsn_4",
    "path": "[63] > sheet > slides > [9] > audio > [0] > notes",
    "words": ["find", "house", "laugh", "mother", "school"]
  },
  {
    "sheet_name": "Lvl_3_Unt_7_Lsn_6",
    "path": "[65] > sheet > slides > [5] > audio > [0] > notes",
    "words": [
      "again",
      "below",
      "carry",
      "does",
      "eight",
      "find",
      "house",
      "laugh",
      "mother",
      "school"
    ]
  },
  {
    "sheet_name": "Lvl_3_Unt_7_Lsn_7",
    "path": "[66] > sheet > slides > [6] > audio > [0] > notes",
    "words": [
      "below",
      "again",
      "carry",
      "does",
      "eight",
      "find",
      "house",
      "laugh",
      "mother",
      "school"
    ]
  },
  {
    "sheet_name": "Lvl_3_Unt_7_Lsn_8",
    "path": "[67] > sheet > slides > [11] > audio > [0] > notes",
    "notes": "<visual: show e-pocket chart here so the teacher can model this, show letters >",
    "words": ["e", "h", "g", "e"]
  },
  {
    "sheet_name": "Lvl_3_Unt_8_Lsn_2",
    "path": "[71] > sheet > slides > [5] > audio > [0] > notes",
    "words": ["one", "have", "is", "jump", "my"]
  },
  {
    "sheet_name": "Lvl_3_Unt_8_Lsn_3",
    "path": "[72] > sheet > slides > [6] > audio > [0] > notes",
    "notes": "<visual: show letters in e-pocket chart>"
  },
  {
    "sheet_name": "Lvl_3_Unt_8_Lsn_4",
    "path": "[73] > sheet > slides > [9] > audio > [0] > notes",
    "words": ["their", "too", "walk", "where", "year"]
  },
  {
    "sheet_name": "Lvl_3_Unt_8_Lsn_6",
    "path": "[75] > sheet > slides > [5] > audio > [0] > notes",
    "words": [
      "move",
      "never",
      "once",
      "round",
      "small",
      "their",
      "too",
      "walk",
      "where",
      "year"
    ]
  },
  {
    "sheet_name": "Lvl_3_Unt_9_Lsn_2",
    "path": "[81] > sheet > slides > [5] > audio > [0] > notes",
    "words": ["all", "away", "better", "by", "change"]
  },
  {
    "sheet_name": "Lvl_3_Unt_9_Lsn_3",
    "path": "[82] > sheet > slides > [6] > audio > [0] > notes",
    "notes": "<visual: show letters in e-pocket chart>"
  },
  {
    "sheet_name": "Lvl_3_Unt_9_Lsn_4",
    "path": "[83] > sheet > slides > [9] > audio > [0] > notes",
    "words": ["done", "even", "found", "learn", "only"]
  },
  {
    "sheet_name": "Lvl_3_Unt_9_Lsn_6",
    "path": "[85] > sheet > slides > [5] > audio > [0] > notes",
    "words": [
      "all",
      "away",
      "better",
      "by",
      "change",
      "done",
      "even",
      "found",
      "learn",
      "only"
    ]
  },
  {
    "sheet_name": "Lvl_3_Unt_9_Lsn_7",
    "path": "[86] > sheet > slides > [6] > audio > [0] > notes",
    "words": [
      "away",
      "all",
      "better",
      "by",
      "change",
      "done",
      "even",
      "found",
      "learn",
      "only"
    ]
  },
  {
    "sheet_name": "Lvl_3_Unt_10_Lsn_2",
    "path": "[91] > sheet > slides > [5] > audio > [0] > notes",
    "words": ["some", "long", "now", "our", "them"]
  },
  {
    "sheet_name": "Lvl_3_Unt_10_Lsn_4",
    "path": "[93] > sheet > slides > [7] > audio > [0] > notes",
    "words": ["was", "through", "upon", "when", "work"]
  },
  {
    "sheet_name": "Lvl_3_Unt_10_Lsn_6",
    "path": "[95] > sheet > slides > [5] > audio > [0] > notes",
    "words": [
      "long",
      "now",
      "our",
      "some",
      "them",
      "through",
      "upon",
      "was",
      "when",
      "work"
    ]
  },
  {
    "sheet_name": "Lvl_3_Unt_10_Lsn_7",
    "path": "[96] > sheet > slides > [6] > audio > [0] > notes",
    "words": [
      "long",
      "now",
      "our",
      "some",
      "them",
      "through",
      "upon",
      "was",
      "when",
      "work"
    ]
  },
  {
    "sheet_name": "Lvl_3_Unt_11_Lsn_2",
    "path": "[101] > sheet > slides > [5] > audio > [0] > notes",
    "words": ["any", "always", "blue", "buy", "city"]
  },
  {
    "sheet_name": "Lvl_3_Unt_11_Lsn_3",
    "path": "[102] > sheet > slides > [6] > audio > [0] > notes",
    "notes": "<visual: show letters in e-pocket chart>"
  },
  {
    "sheet_name": "Lvl_3_Unt_11_Lsn_4",
    "path": "[103] > sheet > slides > [13] > audio > [0] > notes",
    "words": ["draw", "four", "great", "how", "live"]
  },
  {
    "sheet_name": "Lvl_3_Unt_11_Lsn_6",
    "path": "[105] > sheet > slides > [5] > audio > [0] > notes",
    "words": [
      "always",
      "any",
      "blue",
      "buy",
      "city",
      "draw",
      "four",
      "great",
      "how",
      "live"
    ]
  },
  {
    "sheet_name": "Lvl_3_Unt_12_Lsn_2",
    "path": "[111] > sheet > slides > [5] > audio > [0] > notes",
    "words": ["could", "another", "boy", "every", "far"]
  },
  {
    "sheet_name": "Lvl_3_Unt_12_Lsn_3",
    "path": "[112] > sheet > slides > [6] > audio > [0] > notes",
    "notes": "<visual: show letter. cards in e-pocket chart>"
  },
  {
    "sheet_name": "Lvl_3_Unt_12_Lsn_4",
    "path": "[113] > sheet > slides > [5] > audio > [0] > notes",
    "words": ["from", "hurt", "over", "out", "these"]
  },
  {
    "sheet_name": "Lvl_3_Unt_12_Lsn_6",
    "path": "[115] > sheet > slides > [5] > audio > [0] > notes",
    "words": [
      "another",
      "boy",
      "could",
      "every",
      "far",
      "from",
      "hurt",
      "over",
      "out",
      "these"
    ]
  },
  {
    "sheet_name": "Lvl_3_Unt_12_Lsn_7",
    "path": "[116] > sheet > slides > [6] > audio > [0] > notes",
    "words": [
      "another",
      "boy",
      "could",
      "every",
      "far",
      "from",
      "hurt",
      "over",
      "out",
      "these"
    ]
  },
  {
    "sheet_name": "Lvl_3_Unt_12_Lsn_8",
    "path": "[117] > sheet > slides > [7] > audio > [0] > notes",
    "notes": "<visual: show letter cards in e-pocket chart>"
  },
  {
    "sheet_name": "Lvl_3_Unt_13_Lsn_2",
    "path": "[121] > sheet > slides > [8] > audio > [0] > notes",
    "words": ["answer", "brown", "country", "start", "then"]
  },
  {
    "sheet_name": "Lvl_3_Unt_13_Lsn_4",
    "path": "[123] > sheet > slides > [9] > audio > [0] > notes",
    "words": ["there", "wash", "went", "who", "your"]
  },
  {
    "sheet_name": "Lvl_3_Unt_13_Lsn_6",
    "path": "[125] > sheet > slides > [8] > audio > [0] > notes",
    "words": [
      "answer",
      "brown",
      "country",
      "start",
      "then",
      "there",
      "wash",
      "went",
      "who",
      "your"
    ]
  },
  {
    "sheet_name": "Lvl_3_Unt_13_Lsn_7",
    "path": "[126] > sheet > slides > [7] > audio > [0] > notes",
    "words": [
      "answer",
      "brown",
      "country",
      "start",
      "then",
      "there",
      "wash",
      "went",
      "who",
      "your"
    ]
  },
  {
    "sheet_name": "Lvl_3_Unt_14_Lsn_2",
    "path": "[131] > sheet > slides > [4] > audio > [0] > notes",
    "words": ["different", "above", "began", "enough", "few"]
  },
  {
    "sheet_name": "Lvl_3_Unt_14_Lsn_3",
    "path": "[132] > sheet > slides > [6] > audio > [0] > notes",
    "notes": "<visual: show letters in e-pocket chart>"
  },
  {
    "sheet_name": "Lvl_3_Unt_14_Lsn_4",
    "path": "[133] > sheet > slides > [8] > audio > [0] > notes",
    "words": ["grow", "they", "were", "which", "why"]
  },
  {
    "sheet_name": "Lvl_3_Unt_14_Lsn_6",
    "path": "[135] > sheet > slides > [5] > audio > [0] > notes",
    "words": [
      "above",
      "began",
      "different",
      "enough",
      "few",
      "grow",
      "they",
      "were",
      "which",
      "why"
    ]
  },
  {
    "sheet_name": "Lvl_3_Unt_14_Lsn_7",
    "path": "[136] > sheet > slides > [6] > audio > [0] > notes",
    "words": [
      "above",
      "began",
      "different",
      "enough",
      "few",
      "grow",
      "they",
      "were",
      "which",
      "why"
    ]
  },
  {
    "sheet_name": "Lvl_3_Unt_14_Lsn_8",
    "path": "[137] > sheet > slides > [8] > audio > [0] > notes",
    "notes": "<visual: show letter cards in e-pocket chart>"
  },
  {
    "sheet_name": "Lvl_3_Unt_15_Lsn_2",
    "path": "[141] > sheet > slides > [5] > audio > [0] > notes",
    "words": ["follow", "girl", "head", "idea", "kind"]
  },
  {
    "sheet_name": "Lvl_3_Unt_15_Lsn_3",
    "path": "[142] > sheet > slides > [6] > audio > [0] > notes",
    "notes": "<visual: show letters in e-pocket chart>"
  },
  {
    "sheet_name": "Lvl_3_Unt_15_Lsn_4",
    "path": "[143] > sheet > slides > [7] > audio > [0] > notes",
    "words": ["often", "leave", "might", "next", "paper"]
  },
  {
    "sheet_name": "Lvl_3_Unt_15_Lsn_6",
    "path": "[145] > sheet > slides > [5] > audio > [0] > notes",
    "words": [
      "follow",
      "girl",
      "head",
      "idea",
      "kind",
      "leave",
      "might",
      "next",
      "often",
      "paper"
    ]
  },
  {
    "sheet_name": "Lvl_3_Unt_15_Lsn_7",
    "path": "[146] > sheet > slides > [6] > audio > [0] > notes",
    "words": [
      "girl",
      "follow",
      "head",
      "idea",
      "kind",
      "leave",
      "might",
      "next",
      "often",
      "paper"
    ]
  },
  {
    "sheet_name": "Lvl_3_Unt_15_Lsn_8",
    "path": "[147] > sheet > slides > [6] > audio > [0] > notes",
    "notes": "<visual: show letters in e-pocket chart>"
  },
  {
    "sheet_name": "Lvl_3_Unt_16_Lsn_2",
    "path": "[151] > sheet > slides > [4] > audio > [0] > notes",
    "words": ["point", "river", "second", "song", "think"]
  },
  {
    "sheet_name": "Lvl_3_Unt_16_Lsn_3",
    "path": "[152] > sheet > slides > [6] > audio > [0] > notes",
    "notes": "<visual: show letter cards in e-pocket chart>"
  },
  {
    "sheet_name": "Lvl_3_Unt_16_Lsn_4",
    "path": "[153] > sheet > slides > [12] > audio > [0] > notes",
    "words": ["three", "until", "watch", "white", "young"]
  },
  {
    "sheet_name": "Lvl_3_Unt_16_Lsn_6",
    "path": "[155] > sheet > slides > [5] > audio > [0] > notes",
    "words": [
      "river",
      "point",
      "second",
      "song",
      "think",
      "three",
      "until",
      "watch",
      "white",
      "young"
    ]
  },
  {
    "sheet_name": "Lvl_3_Unt_16_Lsn_7",
    "path": "[156] > sheet > slides > [6] > audio > [0] > notes",
    "words": [
      "second",
      "point",
      "river",
      "song",
      "think",
      "three",
      "until",
      "watch",
      "white",
      "young"
    ]
  },
  {
    "sheet_name": "Lvl_3_Unt_17_Lsn_2",
    "path": "[161] > sheet > slides > [5] > audio > [0] > notes",
    "words": ["add", "between", "close", "example", "food"]
  },
  {
    "sheet_name": "Lvl_3_Unt_17_Lsn_3",
    "path": "[162] > sheet > slides > [6] > audio > [0] > notes",
    "notes": "<visual: show letters in e-pocket chart>"
  },
  {
    "sheet_name": "Lvl_3_Unt_17_Lsn_4",
    "path": "[163] > sheet > slides > [9] > audio > [0] > notes",
    "words": ["mountain", "group", "hear", "home", "left"]
  },
  {
    "sheet_name": "Lvl_3_Unt_17_Lsn_6",
    "path": "[165] > sheet > slides > [5] > audio > [0] > notes",
    "words": [
      "food",
      "add",
      "between",
      "close",
      "example",
      "group",
      "hear",
      "home",
      "left",
      "mountain"
    ]
  },
  {
    "sheet_name": "Lvl_3_Unt_17_Lsn_7",
    "path": "[166] > sheet > slides > [6] > audio > [0] > notes",
    "words": [
      "add",
      "between",
      "close",
      "example",
      "food",
      "group",
      "hear",
      "home",
      "left",
      "mountain"
    ]
  },
  {
    "sheet_name": "Lvl_3_Unt_17_Lsn_8",
    "path": "[167] > sheet > slides > [11] > audio > [0] > notes",
    "notes": "<visual: show letters in e-pocket chart>"
  },
  {
    "sheet_name": "Lvl_3_Unt_18_Lsn_2",
    "path": "[171] > sheet > slides > [5] > audio > [0] > notes",
    "words": ["music", "night", "old", "picture", "sentence"]
  },
  {
    "sheet_name": "Lvl_3_Unt_18_Lsn_3",
    "path": "[172] > sheet > slides > [6] > audio > [0] > notes",
    "notes": "<visual: show letters in e-pocket chart>"
  },
  {
    "sheet_name": "Lvl_3_Unt_18_Lsn_4",
    "path": "[173] > sheet > slides > [11] > audio > [0] > notes",
    "words": ["spell", "thought", "together", "while", "world"]
  },
  {
    "sheet_name": "Lvl_3_Unt_18_Lsn_5",
    "path": "[174] > sheet > slides > [9] > audio > [0] > notes",
    "notes": "<visual: e-pocket chart au, aw, ai>",
    "words": ["au", "aw", "ai"]
  },
  {
    "sheet_name": "Lvl_3_Unt_18_Lsn_6",
    "path": "[175] > sheet > slides > [5] > audio > [0] > notes",
    "words": [
      "music",
      "night",
      "old",
      "picture",
      "sentence",
      "spell",
      "thought",
      "together",
      "while",
      "world"
    ]
  },
  {
    "sheet_name": "Lvl_3_Unt_18_Lsn_7",
    "path": "[176] > sheet > slides > [6] > audio > [0] > notes",
    "words": [
      "old",
      "music",
      "night",
      "picture",
      "sentence",
      "spell",
      "thought",
      "together",
      "while",
      "world"
    ]
  },
  {
    "sheet_name": "Lvl_3_Unt_18_Lsn_8",
    "path": "[177] > sheet > slides > [11] > audio > [0] > notes",
    "notes": "<visual: show letters in e-pocket chart>"
  },
  {
    "sheet_name": "Lvl_3_Unt_19_Lsn_2",
    "path": "[181] > sheet > slides > [8] > audio > [0] > notes",
    "words": ["air", "along", "begin", "children", "important"]
  },
  {
    "sheet_name": "Lvl_3_Unt_19_Lsn_4",
    "path": "[183] > sheet > slides > [8] > audio > [0] > notes",
    "words": ["letter", "open", "own", "sound", "talk"]
  },
  {
    "sheet_name": "Lvl_3_Unt_19_Lsn_6",
    "path": "[185] > sheet > slides > [8] > audio > [0] > notes",
    "words": [
      "air",
      "along",
      "begin",
      "children",
      "important",
      "letter",
      "open",
      "own",
      "sound",
      "talk"
    ]
  },
  {
    "sheet_name": "Lvl_3_Unt_19_Lsn_7",
    "path": "[186] > sheet > slides > [7] > audio > [0] > notes",
    "words": [
      "air",
      "along",
      "begin",
      "children",
      "important",
      "letter",
      "open",
      "own",
      "sound",
      "talk"
    ]
  },
  {
    "sheet_name": "Lvl_3_Unt_20_Lsn_2",
    "path": "[191] > sheet > slides > [7] > audio > [0] > notes",
    "words": ["almost", "animal", "around", "body", "color"]
  },
  {
    "sheet_name": "Lvl_3_Unt_20_Lsn_3",
    "path": "[192] > sheet > slides > [7] > audio > [0] > notes",
    "notes": "<visual: show letter cards in e-pocket chart>"
  },
  {
    "sheet_name": "Lvl_3_Unt_20_Lsn_4",
    "path": "[193] > sheet > slides > [10] > audio > [0] > notes",
    "words": ["eye", "form", "high", "light", "story"]
  },
  {
    "sheet_name": "Lvl_3_Unt_20_Lsn_6",
    "path": "[195] > sheet > slides > [6] > audio > [0] > notes",
    "words": [
      "almost",
      "animal",
      "around",
      "body",
      "color",
      "eye",
      "form",
      "high",
      "light",
      "story"
    ]
  },
  {
    "sheet_name": "Lvl_3_Unt_20_Lsn_7",
    "path": "[196] > sheet > slides > [7] > audio > [0] > notes",
    "words": [
      "almost",
      "animal",
      "around",
      "body",
      "color",
      "eye",
      "form",
      "high",
      "light",
      "story"
    ]
  },
  {
    "sheet_name": "Lvl_3_Unt_20_Lsn_8",
    "path": "[197] > sheet > slides > [9] > audio > [0] > notes",
    "notes": "<visual: show letter cards in e-pocket chart>"
  },
  {
    "sheet_name": "Lvl_3_Unt_21_Lsn_2",
    "path": "[201] > sheet > slides > [7] > audio > [0] > notes",
    "words": ["across", "become", "complete", "during", "happened"]
  },
  {
    "sheet_name": "Lvl_3_Unt_21_Lsn_4",
    "path": "[203] > sheet > slides > [6] > audio > [0] > notes",
    "words": ["hundred", "problem", "toward", "study", "wind"]
  },
  {
    "sheet_name": "Lvl_3_Unt_21_Lsn_6",
    "path": "[205] > sheet > slides > [5] > audio > [0] > notes",
    "words": [
      "across",
      "become",
      "complete",
      "during",
      "happened",
      "hundred",
      "problem",
      "toward",
      "study"
    ]
  },
  {
    "sheet_name": "Lvl_3_Unt_21_Lsn_7",
    "path": "[206] > sheet > slides > [7] > audio > [0] > notes",
    "words": [
      "across",
      "become",
      "complete",
      "during",
      "happened",
      "hundred",
      "problem",
      "toward",
      "study",
      "wind"
    ]
  },
  {
    "sheet_name": "Lvl_3_Unt_21_Lsn_8",
    "path": "[207] > sheet > slides > [8] > audio > [0] > notes",
    "notes": "<visual: show letters in e-pocket chart>"
  },
  {
    "sheet_name": "Lvl_3_Unt_22_Lsn_2",
    "path": "[211] > sheet > slides > [0] > audio > [2] > notes",
    "words": ["against", "certain", "door", "early", "field"]
  },
  {
    "sheet_name": "Lvl_3_Unt_22_Lsn_3",
    "path": "[212] > sheet > slides > [1] > audio > [7] > notes",
    "notes": "<visual: Show the pocket chart and word>"
  },
  {
    "sheet_name": "Lvl_3_Unt_22_Lsn_4",
    "path": "[213] > sheet > slides > [0] > audio > [2] > notes",
    "words": ["heard", "knew", "listen", "morning", "several"]
  },
  {
    "sheet_name": "Lvl_3_Unt_22_Lsn_5",
    "path": "[214] > sheet > slides > [1] > audio > [7] > notes",
    "notes": "<visual: Show the pocket chart and word>"
  },
  {
    "sheet_name": "Lvl_3_Unt_22_Lsn_6",
    "path": "[215] > sheet > slides > [1] > audio > [5] > notes",
    "words": [
      "against",
      "certain",
      "door",
      "early",
      "field",
      "heard",
      "knew",
      "listen",
      "morning",
      "several"
    ]
  },
  {
    "sheet_name": "Lvl_3_Unt_22_Lsn_7",
    "path": "[216] > sheet > slides > [0] > audio > [9] > notes",
    "notes": "<visual: Show the pocket chart and word>"
  },
  {
    "sheet_name": "Lvl_3_Unt_22_Lsn_7",
    "path": "[216] > sheet > slides > [1] > audio > [3] > notes",
    "words": [
      "against",
      "certain",
      "door",
      "early",
      "field",
      "heard",
      "knew",
      "listen",
      "morning",
      "several"
    ]
  },
  {
    "sheet_name": "Lvl_3_Unt_22_Lsn_9",
    "path": "[218] > sheet > slides > [1] > audio > [7] > notes",
    "notes": "<visual: Show the pocket chart and word>"
  },
  {
    "sheet_name": "Lvl_3_Unt_23_Lsn_1",
    "path": "[220] > sheet > slides > [1] > audio > [7] > notes",
    "notes": "<visual: Show the pocket chart and word>"
  },
  {
    "sheet_name": "Lvl_3_Unt_23_Lsn_2",
    "path": "[221] > sheet > slides > [0] > audio > [2] > notes",
    "words": ["area", "ever", "hours", "measure", "notice"]
  },
  {
    "sheet_name": "Lvl_3_Unt_23_Lsn_3",
    "path": "[222] > sheet > slides > [1] > audio > [7] > notes",
    "notes": "<visual: Show the pocket chart and word>"
  },
  {
    "sheet_name": "Lvl_3_Unt_23_Lsn_4",
    "path": "[223] > sheet > slides > [0] > audio > [2] > notes",
    "words": ["order", "piece", "short", "today", "true"]
  },
  {
    "sheet_name": "Lvl_3_Unt_23_Lsn_5",
    "path": "[224] > sheet > slides > [1] > audio > [7] > notes",
    "notes": "<visual: Show the pocket chart and word>"
  },
  {
    "sheet_name": "Lvl_3_Unt_23_Lsn_6",
    "path": "[225] > sheet > slides > [2] > audio > [6] > notes",
    "words": [
      "area",
      "ever",
      "hours",
      "measure",
      "notice",
      "order",
      "piece",
      "short",
      "today",
      "true"
    ]
  },
  {
    "sheet_name": "Lvl_3_Unt_23_Lsn_7",
    "path": "[226] > sheet > slides > [1] > audio > [7] > notes",
    "notes": "<visual: Show the pocket chart and word>"
  },
  {
    "sheet_name": "Lvl_3_Unt_23_Lsn_7",
    "path": "[226] > sheet > slides > [3] > audio > [6] > notes",
    "words": [
      "area",
      "ever",
      "hours",
      "measure",
      "notice",
      "order",
      "piece",
      "short",
      "today",
      "true"
    ]
  },
  {
    "sheet_name": "Lvl_3_Unt_23_Lsn_9",
    "path": "[228] > sheet > slides > [1] > audio > [7] > notes",
    "notes": "<visual: Show the pocket chart and word>"
  },
  {
    "sheet_name": "Lvl_3_Unt_24_Lsn_1",
    "path": "[230] > sheet > slides > [1] > audio > [7] > notes",
    "notes": "<visual: Show the pocket chart and word>"
  },
  {
    "sheet_name": "Lvl_3_Unt_24_Lsn_2",
    "path": "[231] > sheet > slides > [0] > audio > [2] > notes",
    "words": ["covered", "cried", "figure", "horse", "money"]
  },
  {
    "sheet_name": "Lvl_3_Unt_24_Lsn_3",
    "path": "[232] > sheet > slides > [1] > audio > [7] > notes",
    "notes": "<visual: Show the pocket chart and word>"
  },
  {
    "sheet_name": "Lvl_3_Unt_24_Lsn_4",
    "path": "[233] > sheet > slides > [0] > audio > [2] > notes",
    "words": ["products", "questions", "since", "usually"]
  },
  {
    "sheet_name": "Lvl_3_Unt_24_Lsn_5",
    "path": "[234] > sheet > slides > [1] > audio > [7] > notes",
    "notes": "<visual: Show the pocket chart and word>"
  },
  {
    "sheet_name": "Lvl_3_Unt_24_Lsn_6",
    "path": "[235] > sheet > slides > [2] > audio > [6] > notes",
    "words": [
      "covered",
      "cried",
      "figure",
      "horse",
      "money",
      "products",
      "questions",
      "since",
      "usually",
      "voice"
    ]
  },
  {
    "sheet_name": "Lvl_3_Unt_24_Lsn_7",
    "path": "[236] > sheet > slides > [1] > audio > [7] > notes",
    "notes": "<visual: Show the pocket chart and word>"
  },
  {
    "sheet_name": "Lvl_3_Unt_24_Lsn_7",
    "path": "[236] > sheet > slides > [3] > audio > [6] > notes",
    "words": [
      "covered",
      "cried",
      "figure",
      "horse",
      "money",
      "products",
      "questions",
      "since",
      "usually",
      "voice"
    ]
  },
  {
    "sheet_name": "Lvl_3_Unt_24_Lsn_9",
    "path": "[238] > sheet > slides > [1] > audio > [7] > notes",
    "notes": "<visual: Show the pocket chart and word>"
  },
  {
    "sheet_name": "Lvl_3_Unt_25_Lsn_1",
    "path": "[240] > sheet > slides > [1] > audio > [7] > notes",
    "notes": "<visual: Show the pocket chart and word>"
  },
  {
    "sheet_name": "Lvl_3_Unt_25_Lsn_2",
    "path": "[241] > sheet > slides > [0] > audio > [2] > notes",
    "words": ["able", "behind", "carefully", "common", "easy"]
  },
  {
    "sheet_name": "Lvl_3_Unt_25_Lsn_3",
    "path": "[242] > sheet > slides > [1] > audio > [7] > notes",
    "notes": "<visual: Show the pocket chart and word>"
  },
  {
    "sheet_name": "Lvl_3_Unt_25_Lsn_4",
    "path": "[243] > sheet > slides > [0] > audio > [2] > notes",
    "words": ["fact", "remember", "sure", "vowel", "whole"]
  },
  {
    "sheet_name": "Lvl_3_Unt_25_Lsn_5",
    "path": "[244] > sheet > slides > [1] > audio > [7] > notes",
    "notes": "<visual: Show the pocket chart and word>"
  },
  {
    "sheet_name": "Lvl_3_Unt_25_Lsn_6",
    "path": "[245] > sheet > slides > [1] > audio > [6] > notes",
    "words": [
      "able",
      "behind",
      "carefully",
      "common",
      "easy",
      "fact",
      "remember",
      "sure",
      "vowel",
      "whole"
    ]
  },
  {
    "sheet_name": "Lvl_3_Unt_25_Lsn_7",
    "path": "[246] > sheet > slides > [1] > audio > [7] > notes",
    "notes": "<visual: Show the pocket chart and word>"
  },
  {
    "sheet_name": "Lvl_3_Unt_25_Lsn_7",
    "path": "[246] > sheet > slides > [3] > audio > [6] > notes",
    "words": [
      "able",
      "behind",
      "carefully",
      "common",
      "easy",
      "fact",
      "remember",
      "sure",
      "vowel",
      "whole"
    ]
  },
  {
    "sheet_name": "Lvl_3_Unt_25_Lsn_9",
    "path": "[248] > sheet > slides > [1] > audio > [7] > notes",
    "notes": "<visual: Show the pocket chart and word>"
  },
  {
    "sheet_name": "Lvl_3_Unt_26_Lsn_1",
    "path": "[250] > sheet > slides > [2] > audio > [0] > notes",
    "notes": "<visual: Show the pocket chart and word>"
  },
  {
    "sheet_name": "Lvl_3_Unt_26_Lsn_2",
    "path": "[251] > sheet > slides > [0] > audio > [2] > notes",
    "words": ["ago", "government", "half", "machine", "pair"]
  },
  {
    "sheet_name": "Lvl_3_Unt_26_Lsn_3",
    "path": "[252] > sheet > slides > [1] > audio > [7] > notes",
    "notes": "<visual: Show the pocket chart and word>"
  },
  {
    "sheet_name": "Lvl_3_Unt_26_Lsn_4",
    "path": "[253] > sheet > slides > [0] > audio > [2] > notes",
    "words": ["quickly", "scientist", "thousand", "understood", "wait"]
  },
  {
    "sheet_name": "Lvl_3_Unt_26_Lsn_6",
    "path": "[255] > sheet > slides > [1] > audio > [9] > notes",
    "words": [
      "ago",
      "government",
      "half",
      "machine",
      "pair",
      "quickly",
      "scientist",
      "thousand",
      "understood",
      "wait"
    ]
  },
  {
    "sheet_name": "Lvl_3_Unt_26_Lsn_7",
    "path": "[256] > sheet > slides > [1] > audio > [7] > notes",
    "notes": "<visual: Show the pocket chart and word>"
  },
  {
    "sheet_name": "Lvl_3_Unt_26_Lsn_7",
    "path": "[256] > sheet > slides > [1] > audio > [11] > notes",
    "words": [
      "ago",
      "government",
      "half",
      "machine",
      "pair",
      "quickly",
      "scientist",
      "thousand",
      "understood",
      "wait"
    ]
  },
  {
    "sheet_name": "Lvl_3_Unt_27_Lsn_1",
    "path": "[260] > sheet > slides > [1] > audio > [8] > notes",
    "notes": "<visual: Show the pocket chart and word>"
  },
  {
    "sheet_name": "Lvl_3_Unt_27_Lsn_2",
    "path": "[261] > sheet > slides > [0] > audio > [2] > notes",
    "words": ["among", "building", "circle", "decided", "finally"]
  },
  {
    "sheet_name": "Lvl_3_Unt_27_Lsn_3",
    "path": "[262] > sheet > slides > [1] > audio > [7] > notes",
    "notes": "<visual: Show the pocket chart and word>"
  },
  {
    "sheet_name": "Lvl_3_Unt_27_Lsn_4",
    "path": "[263] > sheet > slides > [0] > audio > [2] > notes",
    "words": ["heavy", "include", "nothing", "special", "wheel"]
  },
  {
    "sheet_name": "Lvl_3_Unt_27_Lsn_5",
    "path": "[264] > sheet > slides > [1] > audio > [7] > notes",
    "notes": "<visual: Show the pocket chart and word>"
  },
  {
    "sheet_name": "Lvl_3_Unt_27_Lsn_6",
    "path": "[265] > sheet > slides > [1] > audio > [3] > notes",
    "words": [
      "among",
      "building",
      "circle",
      "decided",
      "finally",
      "heavy",
      "include",
      "nothing",
      "special",
      "wheel"
    ]
  },
  {
    "sheet_name": "Lvl_3_Unt_27_Lsn_7",
    "path": "[266] > sheet > slides > [1] > audio > [7] > notes",
    "notes": "<visual: Show the pocket chart and word>"
  },
  {
    "sheet_name": "Lvl_3_Unt_27_Lsn_7",
    "path": "[266] > sheet > slides > [1] > audio > [11] > notes",
    "words": [
      "among",
      "building",
      "circle",
      "decided",
      "finally",
      "heavy",
      "include",
      "nothing",
      "special",
      "wheel"
    ]
  },
  {
    "sheet_name": "Lvl_3_Unt_27_Lsn_9",
    "path": "[268] > sheet > slides > [1] > audio > [7] > notes",
    "notes": "<visual: Show the pocket chart and word>"
  },
  {
    "sheet_name": "Lvl_3_Unt_28_Lsn_2",
    "path": "[271] > sheet > slides > [0] > audio > [2] > notes",
    "words": ["brought", "contain", "front", "gave", "inches"]
  },
  {
    "sheet_name": "Lvl_3_Unt_28_Lsn_4",
    "path": "[273] > sheet > slides > [0] > audio > [2] > notes",
    "words": ["material", "noun", "ocean", "strong", "verb"]
  },
  {
    "sheet_name": "Lvl_3_Unt_28_Lsn_6",
    "path": "[275] > sheet > slides > [1] > audio > [6] > notes",
    "words": [
      "brought",
      "contain",
      "front",
      "gave",
      "inches",
      "material",
      "noun",
      "ocean",
      "strong",
      "verb"
    ]
  },
  {
    "sheet_name": "Lvl_3_Unt_28_Lsn_7",
    "path": "[276] > sheet > slides > [2] > audio > [6] > notes",
    "words": [
      "brought",
      "contain",
      "front",
      "gave",
      "inches",
      "material",
      "noun",
      "ocean",
      "strong",
      "verb"
    ]
  },
  {
    "sheet_name": "Lvl_3_Unt_29_Lsn_2",
    "path": "[281] > sheet > slides > [0] > audio > [2] > notes",
    "words": ["built", "correct", "inside", "island", "language"]
  },
  {
    "sheet_name": "Lvl_3_Unt_29_Lsn_4",
    "path": "[283] > sheet > slides > [0] > audio > [2] > notes",
    "words": ["oh", "person", "street", "system", "warm"]
  },
  {
    "sheet_name": "Lvl_3_Unt_29_Lsn_6",
    "path": "[285] > sheet > slides > [3] > audio > [8] > notes",
    "words": [
      "built",
      "correct",
      "inside",
      "island",
      "language",
      "oh",
      "person",
      "street",
      "system",
      "warm"
    ]
  },
  {
    "sheet_name": "Lvl_3_Unt_29_Lsn_7",
    "path": "[286] > sheet > slides > [2] > audio > [8] > notes",
    "words": [
      "built",
      "correct",
      "inside",
      "island",
      "language",
      "oh",
      "person",
      "street",
      "system",
      "warm"
    ]
  },
  {
    "sheet_name": "Lvl_3_Unt_30_Lsn_2",
    "path": "[291] > sheet > slides > [0] > audio > [2] > notes",
    "words": ["dark", "clear", "explain", "force", "minutes"]
  },
  {
    "sheet_name": "Lvl_3_Unt_30_Lsn_4",
    "path": "[293] > sheet > slides > [0] > audio > [2] > notes",
    "words": ["object", "plane", "power", "produce", "surface"]
  },
  {
    "sheet_name": "Lvl_3_Unt_30_Lsn_6",
    "path": "[295] > sheet > slides > [2] > audio > [6] > notes",
    "words": [
      "dark",
      "clear",
      "explain",
      "force",
      "minutes",
      "object",
      "plane",
      "power",
      "produce",
      "surface"
    ]
  },
  {
    "sheet_name": "Lvl_3_Unt_30_Lsn_7",
    "path": "[296] > sheet > slides > [2] > audio > [6] > notes",
    "words": [
      "dark",
      "clear",
      "explain",
      "force",
      "minutes",
      "object",
      "plane",
      "power",
      "produce",
      "surface"
    ]
  }
]
