{
  "level3": {
    "units": {
      "1": {
        "1": "X83845",
        "2": "X83846",
        "3": "X83847",
        "4": "X83848",
        "5": "X83849"
      },
      "2": {
        "1": "X83850",
        "2": "X83851",
        "3": "X83852",
        "4": "X83853",
        "5": "X83854"
      },
      "3": {
        "1": "X83855",
        "2": "X83856",
        "3": "X83857",
        "4": "X83858",
        "5": "X83859"
      },
      "4": {
        "1": "X83860",
        "2": "X83861",
        "3": "X83862",
        "4": "X83863",
        "5": "X83864"
      },
      "5": {
        "1": "X83865",
        "2": "X83866",
        "3": "X83867",
        "4": "X83868",
        "5": "X83869"
      },
      "6": {
        "1": "X83870",
        "2": "X83871",
        "3": "X83872",
        "4": "X83873",
        "5": "X83874"
      },
      "7": {
        "1": "X83875",
        "2": "X83876",
        "3": "X83877",
        "4": "X83878",
        "5": "X83879"
      },
      "8": {
        "1": "X83880",
        "2": "X83881",
        "3": "X83882",
        "4": "X83883",
        "5": "X83884"
      },
      "9": {
        "1": "X83885",
        "2": "X83886",
        "3": "X83887",
        "4": "X83888",
        "5": "X83889"
      },
      "10": {
        "1": "X83890",
        "2": "X83891",
        "3": "X83993",
        "4": "X83892",
        "5": "X83893"
      },
      "11": {
        "1": "X83894",
        "2": "X83895",
        "3": "X83896",
        "4": "X83897",
        "5": "X83898"
      },
      "12": {
        "1": "X83899",
        "2": "X83900",
        "3": "X83901",
        "4": "X83902",
        "5": "X83903"
      },
      "13": {
        "1": "X83904",
        "2": "X83905",
        "3": "X83906",
        "4": "X83907",
        "5": "X83908"
      },
      "14": {
        "1": "X83909",
        "2": "X83910",
        "3": "X83911",
        "4": "X83912",
        "5": "X83913"
      },
      "15": {
        "1": "X83914",
        "2": "X83915",
        "3": "X83916",
        "4": "X83917",
        "5": "X83918"
      },
      "16": {
        "1": "X83919",
        "2": "X83920",
        "3": "X83921",
        "4": "X83922",
        "5": "X83923"
      },
      "17": {
        "1": "X84024",
        "2": "X83924",
        "3": "X83925",
        "4": "X83926",
        "5": "X83927"
      },
      "18": {
        "1": "X83928",
        "2": "X83929",
        "3": "X83930",
        "4": "X83931",
        "5": "X83932"
      },
      "19": {
        "1": "X83933",
        "2": "X83934",
        "3": "X83935",
        "4": "X83936",
        "5": "X83937"
      },
      "20": {
        "1": "X83938",
        "2": "X83939",
        "3": "X83940",
        "4": "X83941",
        "5": "X83942"
      },
      "21": {
        "1": "X83943",
        "2": "X83944",
        "3": "X83945",
        "4": "X83946",
        "5": "X83947"
      },
      "22": {
        "1": "X83948",
        "2": "X83949",
        "3": "X83950",
        "4": "X83951",
        "5": "X83952"
      },
      "23": {
        "1": "X83953",
        "2": "X83954",
        "3": "X83955",
        "4": "X83956",
        "5": "X83957"
      },
      "24": {
        "1": "X83958",
        "2": "X83959",
        "3": "X83960",
        "4": "X83961",
        "5": "X83962"
      },
      "25": {
        "1": "X83963",
        "2": "X83964",
        "3": "X83965",
        "4": "X83966",
        "5": "X83967"
      },
      "26": {
        "1": "X83968",
        "2": "X83969",
        "3": "X83970",
        "4": "X83971",
        "5": "X83972"
      },
      "27": {
        "1": "X83973",
        "2": "X83974",
        "3": "X83975",
        "4": "X83976",
        "5": "X83977"
      },
      "28": {
        "1": "X83978",
        "2": "X83979",
        "3": "X83980",
        "4": "X83981",
        "5": "X83982"
      },
      "29": {
        "1": "X83983",
        "2": "X83984",
        "3": "X83985",
        "4": "X83986",
        "5": "X83987"
      },
      "30": {
        "1": "X83988",
        "2": "X83989",
        "3": "X83990",
        "4": "X83991",
        "5": "X83992"
      }
    }
  },
  "level4": {
    "units": {
      "1": {
        "1": "X83994",
        "2": "X83995",
        "3": "X83996",
        "4": "X83997",
        "5": "X83998"
      },
      "2": {
        "1": "X83999",
        "2": "X84000",
        "3": "X84001",
        "4": "X84002",
        "5": "X84003"
      },
      "3": {
        "1": "X84004",
        "2": "X84005",
        "3": "X84006",
        "4": "X84007",
        "5": "X84008"
      },
      "4": {
        "1": "X84023",
        "2": "X84009",
        "3": "X84010",
        "4": "X84011",
        "5": "X84012"
      },
      "5": {
        "1": "X84013",
        "2": "X84014",
        "3": "X84015",
        "4": "X84016",
        "5": "X84017"
      },
      "6": {
        "1": "X84018",
        "2": "X84019",
        "3": "X84020",
        "4": "X84021",
        "5": "X84022"
      },
      "7": {
        "1": "X84025",
        "2": "X84026",
        "3": "X84027",
        "4": "X84028",
        "5": "X84029"
      },
      "8": {
        "1": "X84030",
        "2": "X84031",
        "3": "X84032",
        "4": "X84033",
        "5": "X84034"
      },
      "9": {
        "1": "X84035",
        "2": "X84036",
        "3": "X84037",
        "4": "X84038",
        "5": "X84039"
      },
      "10": {
        "1": "X84040",
        "2": "X84041",
        "3": "X84042",
        "4": "X84043",
        "5": "X84044"
      },
      "11": {
        "1": "X84045",
        "2": "X84054",
        "3": "X84046",
        "4": "X84047",
        "5": "X84048"
      },
      "12": {
        "1": "X84049",
        "2": "X84050",
        "3": "X84051",
        "4": "X84052",
        "5": "X84053"
      },
      "13": {
        "1": "X84055",
        "2": "X84056",
        "3": "X84057",
        "4": "X84058",
        "5": "X84059"
      },
      "14": {
        "1": "X84060",
        "2": "X84061",
        "3": "X84062",
        "4": "X84063",
        "5": "X84064"
      },
      "15": {
        "1": "X84065",
        "2": "X84066",
        "3": "X84067",
        "4": "X84068",
        "5": "X84069"
      },
      "16": {
        "1": "X84070",
        "2": "X84140",
        "3": "X84141",
        "4": "X84142",
        "5": "X84143"
      },
      "17": {
        "1": "X84071",
        "2": "X84072",
        "3": "X84073",
        "4": "X84074",
        "5": "X84075"
      },
      "18": {
        "1": "X84076",
        "2": "X84077",
        "3": "X84078",
        "4": "X84079",
        "5": "X84080"
      },
      "19": {
        "1": "X84081",
        "2": "X84082",
        "3": "X84083",
        "4": "X84084",
        "5": "X84085"
      },
      "20": {
        "1": "X84144",
        "2": "X84086",
        "3": "X84087",
        "4": "X84088",
        "5": "X84089"
      },
      "21": {
        "1": "X84090",
        "2": "X84091",
        "3": "X84092",
        "4": "X84093",
        "5": "X84094"
      },
      "22": {
        "1": "X84095",
        "2": "X84096",
        "3": "X84097",
        "4": "X84098",
        "5": "X84099"
      },
      "23": {
        "1": "X84100",
        "2": "X84101",
        "3": "X84102",
        "4": "X84103",
        "5": "X84104"
      },
      "24": {
        "1": "X84105",
        "2": "X84106",
        "3": "X84107",
        "4": "X84108",
        "5": "X84109"
      },
      "25": {
        "1": "X84110",
        "2": "X84111",
        "3": "X84112",
        "4": "X84113",
        "5": "X84114"
      },
      "26": {
        "1": "X84115",
        "2": "X84116",
        "3": "X84117",
        "4": "X84118",
        "5": "X84119"
      },
      "27": {
        "1": "X84120",
        "2": "X84121",
        "3": "X84122",
        "4": "X84123",
        "5": "X84124"
      },
      "28": {
        "1": "X84125",
        "2": "X84126",
        "3": "X84127",
        "4": "X84128",
        "5": "X84129"
      },
      "29": {
        "1": "X84130",
        "2": "X84131",
        "3": "X84132",
        "4": "X84133",
        "5": "X84134"
      },
      "30": {
        "1": "X84135",
        "2": "X84136",
        "3": "X84137",
        "4": "X84138",
        "5": "X84139"
      }
    }
  }
}