{
  "level3": {
    "units": {
      "1": "X84145",
      "2": "X84147",
      "3": "X84149",
      "4": "X84151",
      "5": "X84153",
      "6": "X84155",
      "7": "X84157",
      "8": "X84159",
      "9": "X84161",
      "10": "X84163",
      "11": "X84165",
      "12": "X84167",
      "13": "X84169",
      "14": "X84171",
      "15": "X84173",
      "16": "X84175",
      "17": "X84177",
      "18": "X84179",
      "19": "X84181",
      "20": "X84183",
      "21": "X84185",
      "22": "X84187",
      "23": "X84189",
      "24": "X84191",
      "25": "X84193",
      "26": "X84195",
      "27": "X84197",
      "28": "X84199",
      "29": "X84201",
      "30": "X84203"
    }
  },
  "level4": {
    "units": {
      "1": "X84205",
      "2": "X84207",
      "3": "X84209",
      "4": "X84211",
      "5": "X84213",
      "6": "X84215",
      "7": "X84217",
      "8": "X84219",
      "9": "X84221",
      "10": "X84223",
      "11": "X84225",
      "12": "X84227",
      "13": "X84229",
      "14": "X84230",
      "15": "X84232",
      "16": "X84234",
      "17": "X84236",
      "18": "X84238",
      "19": "X84240",
      "20": "X84242",
      "21": "X84244",
      "22": "X84246",
      "23": "X84248",
      "24": "X84250",
      "25": "X84252",
      "26": "X84254",
      "27": "X84256",
      "28": "X84258",
      "29": "X84260",
      "30": "X84262"
    }
  }
}