{
  "level3": {
    "units": {
      "1": {
        "1": "b0ck96clbp",
        "2": "k8rc6969u6",
        "3": "uovo0ma509"
      },
      "2": {
        "1": "abgpwakjqi",
        "2": "4av9wz4mr1",
        "3": "z6smv6e6w3"
      },
      "3": {
        "1": "1nmdnizxjh",
        "2": "wr8yf247gy",
        "3": "8el1ob4k37"
      },
      "4": {
        "1": "froje6byrg",
        "2": "o99nt3qeey",
        "3": "288dj85yqf"
      },
      "5": {
        "1": "tm0hfl32w0",
        "2": "t2pn7oce5b",
        "3": "q3oexvd1pb"
      },
      "6": {
        "1": "99j4py4cur",
        "2": "rr5cn9uwe4",
        "3": "yyn31xfcut"
      },
      "7": {
        "1": "td4r99gn0k",
        "2": "i0z8zx8bp5",
        "3": "2u3wvzpfo4"
      },
      "8": {
        "1": "7i0pz2usit",
        "2": "vqb2f6jjs3",
        "3": "9m4ykwqp72"
      },
      "9": {
        "1": "gy9m70r6oq",
        "2": "qexqvvn66l",
        "3": "3oja9vpznt"
      },
      "10": {
        "1": "x4e5ib2b0z",
        "2": "d8cwx2pttf",
        "3": "1p4w55fz4u"
      },
      "11": {
        "1": "br25kkpkiz",
        "2": "jb9c08goeu",
        "3": "8chbr57z2a"
      },
      "12": {
        "1": "fx03tvj662",
        "2": "1tza7kfem0",
        "3": "rxt4brsgam"
      },
      "13": {
        "1": "7bft5ov3qd",
        "2": "6k1g2s1eyy",
        "3": "e54jd8d4lz"
      },
      "14": {
        "1": "qb6fmn08ck",
        "2": "nng8x82qi4",
        "3": "xixqp5ankr"
      },
      "15": {
        "1": "2skrcrn1zs",
        "2": "y1xrogdubt",
        "3": "r68yu3moyn"
      },
      "16": {
        "1": "0egxfak7yi",
        "2": "uz87q2zyqp",
        "3": "l13hi096zp"
      },
      "17": {
        "1": "9j7te2l2a1",
        "2": "pn0uk76jvc",
        "3": "03qdi08uhp"
      },
      "18": {
        "1": "wqe4gaz0kv",
        "2": "07036aol7j",
        "3": "9dp86yq4um"
      },
      "19": {
        "1": "3p09wnwwxs",
        "2": "86q28cf2t6",
        "3": "u6s78v0h0g"
      },
      "20": {
        "1": "vuuv97b9de",
        "2": "9sh0klfxgv",
        "3": "4z36t3o7yd"
      },
      "21": {
        "1": "fnhb3vi5r8",
        "2": "khxd3cg6ck",
        "3": "ug7buv65eo"
      },
      "22": {
        "1": "20ngo3tces",
        "2": "dzezb1nls8",
        "3": "bh2g2r0wgq"
      },
      "23": {
        "1": "3nc19hun04",
        "2": "mv5kuvjt87",
        "3": "mpozfcngqz"
      },
      "24": {
        "1": "9eszs9re7h",
        "2": "yl2zl69z0t",
        "3": "k9bpr8xvg8"
      },
      "25": {
        "1": "g7fs2hlak3",
        "2": "3onnrsru8w",
        "3": "dq01us56rw"
      },
      "26": {
        "1": "en8fr5d72l",
        "2": "yj4qlp0v1i",
        "3": "zp2imzdoyb"
      },
      "27": {
        "1": "it80icys8e",
        "2": "zvp78xxlnl",
        "3": "z3zgaix1h3"
      },
      "28": {
        "1": "u0i7yxkmfm",
        "2": "mohyfvv1pd",
        "3": "7p858qfbrd"
      },
      "29": {
        "1": "fxz99gykrb",
        "2": "1ia5ste3i4",
        "3": "indshgfkni"
      },
      "30": {
        "1": "200kahwcsk",
        "2": "lcspcdey2s",
        "3": "lg71j5w9aq"
      }
    }
  },
  "level4": {
    "units": {
      "1": {
        "1": "qrsqecp7ll",
        "2": "ivr1qmr26t",
        "3": "xfcq03t8wa"
      },
      "2": {
        "1": "n01739ouww",
        "2": "90qsvyccll",
        "3": "a4dufhp610"
      },
      "3": {
        "1": "6bmlex47kj",
        "2": "jtyql8uh21",
        "3": "w3m8gz6lqw"
      },
      "4": {
        "1": "t9cywec4sr",
        "2": "xpdiycvmir",
        "3": "dcgj3ow3ur"
      },
      "5": {
        "1": "uq6p0hdtow",
        "2": "mvpbrort1q",
        "3": "b741mvh61z"
      },
      "6": {
        "1": "mavc5hb80k",
        "2": "uhk9rk3syh",
        "3": "75viy4qd2o"
      },
      "7": {
        "1": "vvbg1iywzm",
        "2": "wh6daodqgf",
        "3": "526o0j2m7b"
      },
      "8": {
        "1": "d5wtc1an20",
        "2": "9q1ow6ex8l",
        "3": "peibebbp3b"
      },
      "9": {
        "1": "fe6s54g2zp",
        "2": "h218m5xgph",
        "3": "n0d8gsskfg"
      },
      "10": {
        "1": "d6p4f9k9vh",
        "2": "x0eo1jtdrp",
        "3": "8ev3z9jxg0"
      },
      "11": {
        "1": "wbxvauyb94",
        "2": "uef3mcpqfj",
        "3": "5525rbzh2z"
      },
      "12": {
        "1": "07xhccb8ye",
        "2": "upx62tom61",
        "3": "8yxp748ao9"
      },
      "13": {
        "1": "dfx0charrg",
        "2": "f2xc2m3rcx",
        "3": "g9bl5su2s0"
      },
      "14": {
        "1": "4q11ihbgbm",
        "2": "kao8fhd3yp",
        "3": "furvt2o776"
      },
      "15": {
        "1": "8cn4183x1w",
        "2": "ha6ubx4t3e",
        "3": "odchimwrdm"
      },
      "16": {
        "1": "8jjqqehxgu",
        "2": "jxns82jnk1",
        "3": "xcyyno4uom"
      },
      "17": {
        "1": "fkmt35nqwy",
        "2": "0l2xrnylxt",
        "3": "ao5ip1g3ja"
      },
      "18": {
        "1": "gjmw7jotlb",
        "2": "9k2o2gy4w6",
        "3": "rhuehwl5ek"
      },
      "19": {
        "1": "evburdsle7",
        "2": "m31tg26pig",
        "3": "8w64y798pg"
      },
      "20": {
        "1": "hclk6q5pn0",
        "2": "04dnpuwbs3",
        "3": "bcpks6049a"
      },
      "21": {
        "1": "72aij8tm7l",
        "2": "39837tmdsa",
        "3": "gbn2dv9pa6"
      },
      "22": {
        "1": "zdkm4vydti",
        "2": "t0wdhu9q8h",
        "3": "yxc0422l0o"
      },
      "23": {
        "1": "q4goee3vvv",
        "2": "8rm2rm7l5v",
        "3": "pz6mlt11oa"
      },
      "24": {
        "1": "2glnj36c16",
        "2": "dafabqj8e2",
        "3": "124ak1phxa"
      },
      "25": {
        "1": "lbxumddbbl",
        "2": "wv8tadkx9t",
        "3": "shassrlcuw"
      },
      "26": {
        "1": "71gohvw332",
        "2": "90wsli9gv0",
        "3": "rtxebphx5r"
      },
      "27": {
        "1": "vg1mwlp5rf",
        "2": "3vquebpnrg",
        "3": "u7dz41ua42"
      },
      "28": {
        "1": "3184bzev4p",
        "2": "lsurvf0924",
        "3": "73x26di38m"
      },
      "29": {
        "1": "womybvh98k",
        "2": "rhkdu2cym5",
        "3": "83kcstma9x"
      },
      "30": {
        "1": "ti0b43ftvy",
        "2": "e6fcl3wo3n",
        "3": "r3ttxyr3ug"
      }
    }
  }
}
