[
  {
    "sheet_name": "Lvl_3_Unt_1_Lsn_10",
    "path": "[9] > sheet > slides > [9] > audio > [0] > notes",
    "notes": "<visual: empty word ladder with 6 rungs>",
    "rungs": "6"
  },
  {
    "sheet_name": "Lvl_3_Unt_2_Lsn_10",
    "path": "[19] > sheet > slides > [8] > audio > [0] > notes",
    "notes": "<visual: empty word ladder with 5 rungs>",
    "rungs": "5"
  },
  {
    "sheet_name": "Lvl_3_Unt_3_Lsn_10",
    "path": "[29] > sheet > slides > [11] > audio > [0] > notes",
    "notes": "<visual: empty word ladder with 6 rungs>",
    "rungs": "6"
  },
  {
    "sheet_name": "Lvl_3_Unt_4_Lsn_10",
    "path": "[39] > sheet > slides > [10] > audio > [0] > notes",
    "notes": "<visual: empty word ladder with 6 rungs>",
    "rungs": "6"
  },
  {
    "sheet_name": "Lvl_3_Unt_6_Lsn_10",
    "path": "[59] > sheet > slides > [8] > audio > [0] > notes",
    "notes": "<visual: empty word ladder with 6 rungs>",
    "rungs": "6"
  },
  {
    "sheet_name": "Lvl_3_Unt_7_Lsn_10",
    "path": "[69] > sheet > slides > [9] > audio > [0] > notes",
    "notes": "<visual: empty word ladder with 6 rungs>",
    "rungs": "6"
  },
  {
    "sheet_name": "Lvl_3_Unt_8_Lsn_10",
    "path": "[79] > sheet > slides > [9] > audio > [0] > notes",
    "notes": "<visual: empty word ladder with 6 rungs>",
    "rungs": "6"
  },
  {
    "sheet_name": "Lvl_3_Unt_9_Lsn_10",
    "path": "[89] > sheet > slides > [11] > audio > [0] > notes",
    "notes": "<visual: empty word ladder with 6 rungs>",
    "rungs": "6"
  },
  {
    "sheet_name": "Lvl_3_Unt_10_Lsn_10",
    "path": "[99] > sheet > slides > [10] > audio > [0] > notes",
    "notes": "<visual: empty word ladder with 6 rungs>",
    "rungs": "6"
  },
  {
    "sheet_name": "Lvl_3_Unt_11_Lsn_10",
    "path": "[109] > sheet > slides > [7] > audio > [0] > notes",
    "notes": "<visual: empty word ladder with 6 rungs>",
    "rungs": "6"
  },
  {
    "sheet_name": "Lvl_3_Unt_12_Lsn_10",
    "path": "[119] > sheet > slides > [10] > audio > [0] > notes",
    "notes": "<visual: empty word ladder with 6 rungs>",
    "rungs": "6"
  },
  {
    "sheet_name": "Lvl_3_Unt_13_Lsn_10",
    "path": "[129] > sheet > slides > [8] > audio > [0] > notes",
    "notes": "<visual: empty word ladder with 6 rungs>",
    "rungs": "6"
  },
  {
    "sheet_name": "Lvl_3_Unt_14_Lsn_10",
    "path": "[139] > sheet > slides > [7] > audio > [0] > notes",
    "notes": "<visual: empty word ladder with 6 rungs>",
    "rungs": "6"
  },
  {
    "sheet_name": "Lvl_3_Unt_15_Lsn_10",
    "path": "[149] > sheet > slides > [10] > audio > [0] > notes",
    "notes": "<visual: empty word ladder with 6 rungs>",
    "rungs": "6"
  },
  {
    "sheet_name": "Lvl_3_Unt_16_Lsn_10",
    "path": "[159] > sheet > slides > [11] > audio > [0] > notes",
    "notes": "<visual: empty word ladder with 6 rungs>",
    "rungs": "6"
  },
  {
    "sheet_name": "Lvl_3_Unt_17_Lsn_10",
    "path": "[169] > sheet > slides > [5] > audio > [0] > notes",
    "notes": "<visual: empty word ladder with 6 rungs>",
    "rungs": "6"
  },
  {
    "sheet_name": "Lvl_3_Unt_19_Lsn_10",
    "path": "[189] > sheet > slides > [9] > audio > [0] > notes",
    "notes": "<visual: empty word ladder with 6 rungs>",
    "rungs": "6"
  },
  {
    "sheet_name": "Lvl_3_Unt_20_Lsn_10",
    "path": "[199] > sheet > slides > [7] > audio > [0] > notes",
    "notes": "<visual: empty word ladder with 6 rungs>",
    "rungs": "6"
  },
  {
    "sheet_name": "Lvl_3_Unt_21_Lsn_10",
    "path": "[209] > sheet > slides > [5] > audio > [0] > notes",
    "notes": "<visual: empty word ladder with 6 rungs>",
    "rungs": "6"
  },
  {
    "sheet_name": "Lvl_3_Unt_22_Lsn_10",
    "path": "[219] > sheet > slides > [0] > audio > [2] > notes",
    "notes": "<visual: empty word ladder with 6 rungs>",
    "rungs": "6"
  },
  {
    "sheet_name": "Lvl_3_Unt_23_Lsn_10",
    "path": "[229] > sheet > slides > [0] > audio > [2] > notes",
    "notes": "<visual: empty word ladder with 6 rungs>",
    "rungs": "6"
  },
  {
    "sheet_name": "Lvl_3_Unt_24_Lsn_10",
    "path": "[239] > sheet > slides > [0] > audio > [2] > notes",
    "notes": "<visual: empty word ladder with 6 rungs>",
    "rungs": "6"
  },
  {
    "sheet_name": "Lvl_3_Unt_25_Lsn_10",
    "path": "[249] > sheet > slides > [0] > audio > [2] > notes",
    "notes": "<visual: empty word ladder with 6 rungs>",
    "rungs": "6"
  },
  {
    "sheet_name": "Lvl_3_Unt_26_Lsn_10",
    "path": "[259] > sheet > slides > [0] > audio > [2] > notes",
    "notes": "<visual: empty word ladder with 6 rungs>",
    "rungs": "6"
  },
  {
    "sheet_name": "Lvl_3_Unt_28_Lsn_10",
    "path": "[279] > sheet > slides > [0] > audio > [2] > notes",
    "notes": "<visual: empty word ladder with 6 rungs>",
    "rungs": "6"
  },
  {
    "sheet_name": "Lvl_3_Unt_29_Lsn_10",
    "path": "[289] > sheet > slides > [0] > audio > [2] > notes",
    "notes": "<visual: empty word ladder with 6 rungs>",
    "rungs": "6"
  },
  {
    "sheet_name": "Lvl_3_Unt_30_Lsn_10",
    "path": "[299] > sheet > slides > [0] > audio > [2] > notes",
    "notes": "<visual: empty word ladder with 6 rungs>",
    "rungs": "6"
  }
]
